algo,instance,n,m,seed,budget,best,makespan,energy_Wh,lb,gap,runtime_s,evals,wasted,neutral,improving,move_size,gb_impr_per_1k,div_end,purity_end,move_sizes_early,move_sizes_late,case
Max-Min,n10 m3 uniform high,10,3,0,6000,10.365763812210513,10.365763812210513,2.428147120215758,10.18524780805406,0.017723280528698517,0.0012366771697998047,1,0.0,0.0,0.0,0.0,0.0,0.0,,,,17a tiny
Max-Min,n10 m3 uniform high,10,3,1,6000,10.365763812210513,10.365763812210513,2.428147120215758,10.18524780805406,0.017723280528698517,0.0009436607360839844,1,0.0,0.0,0.0,0.0,0.0,0.0,,,,17a tiny
Random,n10 m3 uniform high,10,3,0,6000,10.201058190289142,10.201058190289142,2.4049030166080856,10.18524780805406,0.0015522825298939337,1.1013779640197754,6000,0.0,0.0,0.0,0.0,1.5,0.6689655172413793,,,,17a tiny
Random,n10 m3 uniform high,10,3,1,6000,10.199745499621484,10.199745499621484,2.4046524111421475,10.18524780805406,0.001423400965851812,0.8813159465789795,6000,0.0,0.0,0.0,0.0,1.3333333333333333,0.6770114942528735,,,,17a tiny
MRFO,n10 m3 uniform high,10,3,0,6000,10.263271663653942,10.263271663653942,2.4137893730490303,10.18524780805406,0.007660476904468099,2.0941336154937744,5970,0.16632996632996633,0.05,0.02643097643097643,4.074747474747475,0.8375209380234506,0.10206896551724139,,4.0390572390572395,4.110437710437711,17a tiny
MRFO,n10 m3 uniform high,10,3,1,6000,10.256150420083825,10.256150420083825,2.412778138872364,10.18524780805406,0.0069613045618486585,1.4695777893066406,5970,0.3271043771043771,0.00016835016835016836,0.012121212121212121,2.644781144781145,0.16750418760469013,0.0,,3.085185185185185,2.2043771043771043,17a tiny
QI-MRFO,n10 m3 uniform high,10,3,0,6000,10.206638403532349,10.206638403532349,2.4055344938601357,10.18524780805406,0.002100154643402429,3.960831880569458,5970,0.2234006734006734,0.0006734006734006734,0.03771043771043771,2.5547138047138045,1.6750418760469012,0.0,0.8009318356363021,3.15016835016835,1.9592592592592593,17a tiny
QI-MRFO,n10 m3 uniform high,10,3,1,6000,10.191945722545494,10.191945722545494,2.403548349098336,10.18524780805406,0.000657609379532043,4.633809328079224,5970,0.23787878787878788,0.0,0.027104377104377103,2.230808080808081,0.8375209380234506,0.0,0.831228377282775,2.587878787878788,1.8737373737373737,17a tiny
GA,n10 m3 uniform high,10,3,0,6000,10.24953697039578,10.24953697039578,2.4118427667020823,10.18524780805406,0.006311988039297764,4.738132476806641,5975,0.1261564339781329,0.041379310344827586,0.22489486963835156,2.0376787216148022,0.6694560669456067,0.39034482758620687,,2.281965006729475,1.7934746047763201,17a tiny
GA,n10 m3 uniform high,10,3,1,6000,10.191945722545494,10.191945722545494,2.403548349098336,10.18524780805406,0.000657609379532043,2.5213544368743896,5975,0.13406223717409588,0.03986543313708999,0.23296888141295205,2.0124474348191757,1.00418410041841,0.3291954022988506,,2.269515477792732,1.7554658594012782,17a tiny
DMO,n10 m3 uniform high,10,3,0,6000,10.220315611397877,10.220315611397877,2.407443434673629,10.18524780805406,0.003442999522906821,1.51806640625,5985,0.23737373737373738,0.04107744107744108,0.18585858585858586,2.6404040404040403,0.835421888053467,0.10919540229885058,,3.1535353535353536,2.1272727272727274,17a tiny
DMO,n10 m3 uniform high,10,3,1,6000,10.211738321658405,10.211738321658405,2.406441812087969,10.18524780805406,0.0026008707989802716,2.2692344188690186,5985,0.2878787878787879,0.05925925925925926,0.18131313131313131,2.3015151515151517,0.835421888053467,0.08390804597701149,,3.3851851851851853,1.217845117845118,17a tiny
QI-DMO,n10 m3 uniform high,10,3,0,6000,10.191945722545494,10.191945722545494,2.403548349098336,10.18524780805406,0.000657609379532043,5.7441089153289795,5982,0.14124579124579126,0.017676767676767676,0.2833333333333333,2.268686868686869,1.0030090270812437,0.1806896551724138,0.8449657541993713,2.7488215488215486,1.7885521885521884,17a tiny
QI-DMO,n10 m3 uniform high,10,3,1,6000,10.229389470871311,10.229389470871311,2.4089391947551757,10.18524780805406,0.004333882066408455,5.810354232788086,5982,0.11801346801346801,0.021885521885521887,0.2930976430976431,2.593771043771044,0.5015045135406219,0.22344827586206897,0.8301268829455398,3.3205387205387207,1.867003367003367,17a tiny
Max-Min,n40 m2 uniform high,40,2,0,6000,86.97017652231183,86.97017652231183,10.961880230619398,86.66369131914271,0.0035364891398460365,0.052050113677978516,1,0.0,0.0,0.0,0.0,0.0,0.0,,,,17b two VMs
Max-Min,n40 m2 uniform high,40,2,1,6000,86.97017652231183,86.97017652231183,10.961880230619398,86.66369131914271,0.0035364891398460365,0.01829075813293457,1,0.0,0.0,0.0,0.0,0.0,0.0,,,,17b two VMs
Random,n40 m2 uniform high,40,2,0,6000,86.66624933783507,86.66624933783507,10.940406249439706,86.66369131914271,2.9516613629285917e-05,0.9951317310333252,6000,0.0,0.0,0.0,0.0,0.5,0.4956896551724138,,,,17b two VMs
Random,n40 m2 uniform high,40,2,1,6000,86.668403942579,86.668403942579,10.940558483080144,86.66369131914271,5.437829112235949e-05,1.090616226196289,6000,0.0,0.0,0.0,0.0,0.8333333333333334,0.49511494252873567,,,,17b two VMs
MRFO,n40 m2 uniform high,40,2,0,6000,86.67774910225798,86.67774910225798,10.941218765520535,86.66369131914271,0.00016221075863817342,3.081695318222046,5970,0.10875420875420876,0.0,0.0234006734006734,12.046969696969697,0.5025125628140703,0.10982758620689655,,13.33973063973064,10.754208754208754,17b two VMs
MRFO,n40 m2 uniform high,40,2,1,6000,86.66749739363584,86.66749739363584,10.940527076767,86.66369131914271,4.391775188886391e-05,2.168245553970337,5970,0.24276094276094276,0.0,0.027609427609427608,9.78973063973064,0.5025125628140703,0.04183908045977012,,12.15117845117845,7.428282828282828,17b two VMs
QI-MRFO,n40 m2 uniform high,40,2,0,6000,86.66638694904944,86.66638694904944,10.940415972362757,86.66369131914271,3.110448984683038e-05,5.754638433456421,5970,0.3132996632996633,0.0,0.027946127946127945,3.7794612794612794,1.0050251256281406,0.0,0.9630854468009811,4.990572390572391,2.568350168350168,17b two VMs
QI-MRFO,n40 m2 uniform high,40,2,1,6000,86.66550498124911,86.66550498124911,10.940353656910528,86.66369131914271,2.092758892211651e-05,4.722088575363159,5970,0.26161616161616164,0.0,0.034006734006734006,4.5375420875420875,0.6700167504187605,0.0,0.9492937957908315,5.735690235690235,3.3393939393939394,17b two VMs
GA,n40 m2 uniform high,40,2,0,6000,86.66709425772574,86.66709425772574,10.940465947271152,86.66369131914271,3.926602399718763e-05,3.1901729106903076,5975,0.17224558452481076,0.0,0.22657695542472667,2.5382674516400336,1.00418410041841,0.04977011494252874,,3.6086810228802153,1.4682139253279516,17b two VMs
GA,n40 m2 uniform high,40,2,1,6000,86.66386530689475,86.66386530689475,10.940237805686863,86.66369131914271,2.0076199084841037e-06,3.1714022159576416,5975,0.18805719091673676,0.0,0.23296888141295205,2.2558452481076534,1.506276150627615,0.08919540229885058,,2.9327052489905787,1.5792129162462158,17b two VMs
DMO,n40 m2 uniform high,40,2,0,6000,86.67067068512603,86.67067068512603,10.940778504077155,86.66369131914271,8.053391076558901e-05,3.217212200164795,5973,0.13720538720538722,0.0,0.24882154882154883,7.641582491582492,1.0045203415369162,0.3449425287356322,,8.656228956228956,6.626936026936027,17b two VMs
DMO,n40 m2 uniform high,40,2,1,6000,86.66415328304046,86.66415328304046,10.94026211505943,86.66369131914271,5.330535668594732e-06,4.808171033859253,5973,0.13787878787878788,0.0,0.2547138047138047,7.513299663299663,0.5022601707684581,0.3122988505747126,,8.50909090909091,6.5175084175084175,17b two VMs
QI-DMO,n40 m2 uniform high,40,2,0,6000,86.66571329282122,86.66571329282122,10.940385718284727,86.66369131914271,2.3331266505409074e-05,10.498857259750366,5973,0.008585858585858586,0.0,0.34444444444444444,7.8136363636363635,0.8371002846140968,0.16017241379310346,0.9279358060494884,8.897979797979797,6.729292929292929,17b two VMs
QI-DMO,n40 m2 uniform high,40,2,1,6000,86.66774242484276,86.66774242484276,10.940511743531516,86.66369131914271,4.674513211218524e-05,6.1827778816223145,5973,0.011111111111111112,0.0,0.3415824915824916,7.354882154882155,0.5022601707684581,0.18448275862068966,0.9071087190133941,8.613468013468013,6.0962962962962965,17b two VMs
Max-Min,n40 m8 identical none,40,8,0,6000,25.0,25.0,11.11111111111111,25.0,0.0,0.010122060775756836,1,0.0,0.0,0.0,0.0,0.0,0.0,,,,"17c identical tasks, homogeneous VMs"
Max-Min,n40 m8 identical none,40,8,1,6000,25.0,25.0,11.11111111111111,25.0,0.0,0.01292562484741211,1,0.0,0.0,0.0,0.0,0.0,0.0,,,,"17c identical tasks, homogeneous VMs"
Random,n40 m8 identical none,40,8,0,6000,25.0,25.0,11.11111111111111,25.0,0.0,0.5433502197265625,6000,0.0,0.0,0.0,0.0,0.5,0.8730459770114942,,,,"17c identical tasks, homogeneous VMs"
Random,n40 m8 identical none,40,8,1,6000,30.0,30.0,12.444444444444445,25.0,0.2,1.1091206073760986,6000,0.0,0.0,0.0,0.0,0.16666666666666666,0.8723563218390804,,,,"17c identical tasks, homogeneous VMs"
MRFO,n40 m8 identical none,40,8,0,6000,30.0,30.0,12.444444444444445,25.0,0.2,2.0078518390655518,5970,0.02962962962962963,0.09090909090909091,0.009595959595959595,27.32811447811448,0.0,0.5123563218390805,,29.354208754208756,25.302020202020202,"17c identical tasks, homogeneous VMs"
MRFO,n40 m8 identical none,40,8,1,6000,30.0,30.0,12.444444444444445,25.0,0.2,1.6135740280151367,5970,0.018013468013468013,0.08367003367003367,0.009932659932659932,27.353872053872053,0.0,0.42005747126436777,,29.867340067340066,24.84040404040404,"17c identical tasks, homogeneous VMs"
QI-MRFO,n40 m8 identical none,40,8,0,6000,30.0,30.0,12.444444444444445,25.0,0.2,4.605147361755371,5970,0.0361952861952862,0.37744107744107747,0.008754208754208754,11.18922558922559,0.0,0.23051724137931034,0.7690004306802778,12.262626262626263,10.115824915824916,"17c identical tasks, homogeneous VMs"
QI-MRFO,n40 m8 identical none,40,8,1,6000,30.0,30.0,12.444444444444445,25.0,0.2,3.947845935821533,5970,0.040067340067340064,0.4058922558922559,0.009595959595959595,9.095117845117844,0.0,0.13804597701149426,0.8471949158832818,10.418181818181818,7.772053872053872,"17c identical tasks, homogeneous VMs"
GA,n40 m8 identical none,40,8,0,6000,25.0,25.0,11.11111111111111,25.0,0.0,4.217118740081787,5975,0.031455004205214465,0.47956265769554246,0.09066442388561817,5.175609756097561,0.33472803347280333,0.19752873563218393,,5.981830417227457,4.369660275815675,"17c identical tasks, homogeneous VMs"
GA,n40 m8 identical none,40,8,1,6000,25.0,25.0,11.11111111111111,25.0,0.0,2.4625377655029297,5975,0.024390243902439025,0.4630782169890664,0.10698065601345669,5.737258200168209,0.16736401673640167,0.23270114942528736,,6.621467025572005,4.853346787756475,"17c identical tasks, homogeneous VMs"
DMO,n40 m8 identical none,40,8,0,6000,30.0,30.0,12.444444444444445,25.0,0.2,3.1010093688964844,5973,0.06077441077441077,0.25555555555555554,0.1511784511784512,21.307070707070707,0.0,0.8299425287356321,,23.198653198653197,19.415488215488214,"17c identical tasks, homogeneous VMs"
DMO,n40 m8 identical none,40,8,1,6000,30.0,30.0,12.444444444444445,25.0,0.2,3.4284021854400635,5973,0.05555555555555555,0.2740740740740741,0.14494949494949494,20.883333333333333,0.0,0.7607471264367816,,23.037710437710437,18.72895622895623,"17c identical tasks, homogeneous VMs"
QI-DMO,n40 m8 identical none,40,8,0,6000,30.0,30.0,12.444444444444445,25.0,0.2,3.779320478439331,5973,0.000505050505050505,0.3303030303030303,0.1893939393939394,17.59983164983165,0.0,0.49810344827586206,0.7956911162979823,20.139057239057237,15.06060606060606,"17c identical tasks, homogeneous VMs"
QI-DMO,n40 m8 identical none,40,8,1,6000,25.0,25.0,11.11111111111111,25.0,0.0,5.864928245544434,5973,0.000505050505050505,0.3436026936026936,0.19343434343434343,15.380976430976432,0.16742005692281936,0.3575287356321839,0.8468212601130085,18.562626262626264,12.1993265993266,"17c identical tasks, homogeneous VMs"
Max-Min,n40 m20 uniform high,40,20,0,6000,9.434353693227605,9.434353693227605,11.399907950919077,9.1430415205612,0.031861626353909905,0.00961923599243164,1,0.0,0.0,0.0,0.0,0.0,0.0,,,,17e many VMs
Max-Min,n40 m20 uniform high,40,20,1,6000,9.434353693227605,9.434353693227605,11.399907950919077,9.1430415205612,0.031861626353909905,0.004782676696777344,1,0.0,0.0,0.0,0.0,0.0,0.0,,,,17e many VMs
Random,n40 m20 uniform high,40,20,0,6000,17.031755118636546,17.031755118636546,16.97400929057304,9.1430415205612,0.8628106500812585,0.5915162563323975,6000,0.0,0.0,0.0,0.0,1.0,0.9467816091954022,,,,17e many VMs
Random,n40 m20 uniform high,40,20,1,6000,18.927376358771955,18.927376358771955,18.497665742309366,9.1430415205612,1.0701400421519898,0.6336987018585205,6000,0.0,0.0,0.0,0.0,0.8333333333333334,0.9475862068965517,,,,17e many VMs
MRFO,n40 m20 uniform high,40,20,0,6000,16.084333022143834,16.084333022143834,16.301146433481403,9.1430415205612,0.7591884479549622,2.8618690967559814,5970,0.051683501683501686,0.030976430976430977,0.03686868686868687,28.977272727272727,1.340033500837521,0.14908045977011494,,32.21851851851852,25.736026936026935,17e many VMs
MRFO,n40 m20 uniform high,40,20,1,6000,15.128593827177223,15.128593827177223,15.393590613197812,9.1430415205612,0.6546565815276567,2.8646087646484375,5970,0.016498316498316498,0.01919191919191919,0.04158249158249158,29.62020202020202,1.8425460636515913,0.3299425287356322,,33.01717171717172,26.223232323232324,17e many VMs
QI-MRFO,n40 m20 uniform high,40,20,0,6000,11.091267964652468,11.091267964652468,12.421082766566045,9.1430415205612,0.21308297022495493,3.826420783996582,5970,0.12205387205387205,0.08013468013468013,0.06447811447811448,6.224410774410774,3.3500837520938025,0.011609195402298851,0.932119642505486,8.016498316498316,4.432323232323232,17e many VMs
QI-MRFO,n40 m20 uniform high,40,20,1,6000,11.008915509944108,11.008915509944108,12.383801808686028,9.1430415205612,0.20407585213157617,5.912351131439209,5970,0.10538720538720539,0.0765993265993266,0.07777777777777778,6.578282828282828,4.187604690117253,0.016206896551724137,0.935160921453311,8.631313131313131,4.525252525252525,17e many VMs
GA,n40 m20 uniform high,40,20,0,6000,10.854367401134667,10.854367401134667,12.200630558453256,9.1430415205612,0.18717249360893484,4.141000747680664,5975,0.02607232968881413,0.15239697224558452,0.2220353238015139,5.211774600504626,3.514644351464435,0.1849425287356322,,6.047442799461642,4.376387487386478,17e many VMs
GA,n40 m20 uniform high,40,20,1,6000,10.950813744717422,10.950813744717422,12.368419991092695,9.1430415205612,0.1977210997118234,4.56892466545105,5975,0.02253994953742641,0.1471825063078217,0.2289318755256518,5.44188393608074,3.01255230125523,0.20821839080459772,,6.374831763122477,4.509249915909855,17e many VMs
DMO,n40 m20 uniform high,40,20,0,6000,18.597907257365286,18.597907257365286,18.11205581659412,9.1430415205612,1.0341050858777843,3.7636563777923584,5973,0.03973063973063973,0.0728956228956229,0.26616161616161615,25.087878787878786,1.3393604553825549,0.8162068965517241,,27.807070707070707,22.36868686868687,17e many VMs
DMO,n40 m20 uniform high,40,20,1,6000,18.22206719084989,18.22206719084989,17.840309949082226,9.1430415205612,0.9929984075727375,3.7378149032592773,5973,0.04040404040404041,0.07575757575757576,0.26346801346801346,24.977272727272727,1.6742005692281936,0.8413218390804598,,27.515824915824915,22.43872053872054,17e many VMs
QI-DMO,n40 m20 uniform high,40,20,0,6000,12.122064013910222,12.122064013910222,13.110656016587846,9.1430415205612,0.3258240145415166,8.347708463668823,5973,0.0015151515151515152,0.06279461279461279,0.3373737373737374,15.593602693602694,3.348401138456387,0.29833333333333334,0.8610624244064006,19.194612794612794,11.992592592592592,17e many VMs
QI-DMO,n40 m20 uniform high,40,20,1,6000,12.364121237181168,12.364121237181168,13.402508956228965,9.1430415205612,0.3522984894442718,6.029881000518799,5973,0.0021885521885521885,0.08013468013468013,0.33181818181818185,15.003872053872055,2.343880796919471,0.25022988505747124,0.8919256418581012,19.9,10.107744107744107,17e many VMs
Max-Min,n50 m10 bimodal high,50,10,0,6000,27.05759537385895,27.05759537385895,16.064771409780167,25.10693322506205,0.07769416245747301,0.0026237964630126953,1,0.0,0.0,0.0,0.0,0.0,0.0,,,,17f bimodal tall barriers
Max-Min,n50 m10 bimodal high,50,10,1,6000,27.05759537385895,27.05759537385895,16.064771409780167,25.10693322506205,0.07769416245747301,0.01743292808532715,1,0.0,0.0,0.0,0.0,0.0,0.0,,,,17f bimodal tall barriers
Random,n50 m10 bimodal high,50,10,0,6000,33.674021522953296,33.674021522953296,18.419430770850834,25.10693322506205,0.34122400458449753,1.6361355781555176,6000,0.0,0.0,0.0,0.0,1.3333333333333333,0.9012873563218391,,,,17f bimodal tall barriers
Random,n50 m10 bimodal high,50,10,1,6000,34.0370170651558,34.0370170651558,18.227379974547187,25.10693322506205,0.3556819847347836,1.9461042881011963,6000,0.0,0.0,0.0,0.0,1.0,0.9010114942528736,,,,17f bimodal tall barriers
MRFO,n50 m10 bimodal high,50,10,0,6000,35.45371496260612,35.45371496260612,18.579249180528233,25.10693322506205,0.4121085456672098,2.6646132469177246,5970,0.09898989898989899,0.0430976430976431,0.036026936026936025,31.394276094276094,1.8425460636515913,0.15085057471264368,,35.567003367003366,27.221548821548822,17f bimodal tall barriers
MRFO,n50 m10 bimodal high,50,10,1,6000,39.20985902182194,39.20985902182194,20.556503360069474,25.10693322506205,0.5617143945992645,2.5649571418762207,5970,0.12558922558922558,0.0771043771043771,0.028114478114478113,28.7016835016835,1.1725293132328307,0.14708045977011494,,32.94141414141414,24.461952861952863,17f bimodal tall barriers
QI-MRFO,n50 m10 bimodal high,50,10,0,6000,26.803750485748118,26.803750485748118,15.955963165164748,25.10693322506205,0.06758361307912683,5.686315298080444,5970,0.09343434343434344,0.11666666666666667,0.09478114478114479,7.6008417508417505,6.197654941373535,0.014160919540229886,0.9511993865495785,10.243434343434343,4.958249158249158,17f bimodal tall barriers
QI-MRFO,n50 m10 bimodal high,50,10,1,6000,27.06024893394277,27.06024893394277,16.030679652648523,25.10693322506205,0.07779985278850766,4.869053840637207,5970,0.1063973063973064,0.1026936026936027,0.08552188552188553,6.996296296296296,5.527638190954774,0.010666666666666666,0.9524373905182846,9.360942760942761,4.631649831649832,17f bimodal tall barriers
GA,n50 m10 bimodal high,50,10,0,6000,31.120973246569477,31.120973246569477,17.644552594688463,25.10693322506205,0.23953702220803844,2.0760209560394287,5975,0.02304457527333894,0.31303616484440705,0.1727502102607233,6.367367535744323,2.3430962343096233,0.22510344827586207,,7.559555854643338,5.175580221997982,17f bimodal tall barriers
GA,n50 m10 bimodal high,50,10,1,6000,26.37987249916972,26.37987249916972,15.65324062949543,25.10693322506205,0.05070070735827692,6.29228138923645,5975,0.02624053826745164,0.14129520605550883,0.23700588730025232,6.12767031118587,4.853556485355648,0.1816551724137931,,7.5703230148048455,4.6855028590649175,17f bimodal tall barriers
DMO,n50 m10 bimodal high,50,10,0,6000,42.53234160302763,42.53234160302763,22.104833395816556,25.10693322506205,0.6940476649123886,4.3211352825164795,5973,0.054713804713804715,0.07811447811447811,0.21868686868686868,24.68838383838384,0.6696802276912774,0.6644597701149425,,28.54074074074074,20.836026936026936,17f bimodal tall barriers
DMO,n50 m10 bimodal high,50,10,1,6000,43.40353461736262,43.40353461736262,22.135723539880196,25.10693322506205,0.7287469651624625,4.408354759216309,5973,0.05336700336700337,0.07878787878787878,0.22087542087542086,25.357744107744107,0.6696802276912774,0.6460229885057471,,28.884511784511783,21.83097643097643,17f bimodal tall barriers
QI-DMO,n50 m10 bimodal high,50,10,0,6000,31.197352889850585,31.197352889850585,17.322562519275795,25.10693322506205,0.24257919556296115,7.192822217941284,5970,0.0006734006734006734,0.10286195286195286,0.33047138047138047,15.976767676767677,3.3500837520938025,0.2612413793103448,0.9032152537289136,20.857239057239056,11.096296296296297,17f bimodal tall barriers
QI-DMO,n50 m10 bimodal high,50,10,1,6000,31.09415252971094,31.09415252971094,17.41808451044505,25.10693322506205,0.23846876283051457,7.880853652954102,5970,0.0006734006734006734,0.19528619528619529,0.28535353535353536,15.885690235690236,2.512562814070352,0.27770114942528734,0.8913353250076043,21.086531986531988,10.684848484848485,17f bimodal tall barriers
Max-Min,n50 m10 bimodal high,50,10,0,6000,0.13092901318739078,27.05759537385895,16.064771409780167,25.10693322506205,,0.06575441360473633,1,0.0,0.0,0.0,0.0,0.0,0.0,,,,17d makespan+energy
Max-Min,n50 m10 bimodal high,50,10,1,6000,0.13092901318739078,27.05759537385895,16.064771409780167,25.10693322506205,,0.004038572311401367,1,0.0,0.0,0.0,0.0,0.0,0.0,,,,17d makespan+energy
Random,n50 m10 bimodal high,50,10,0,6000,0.15797307546603276,33.674021522953296,18.419430770850834,25.10693322506205,,0.7250912189483643,6000,0.0,0.0,0.0,0.0,1.3333333333333333,0.9012873563218391,,,,17d makespan+energy
Random,n50 m10 bimodal high,50,10,1,6000,0.15844182292993042,34.0370170651558,18.227379974547187,25.10693322506205,,0.885176420211792,6000,0.0,0.0,0.0,0.0,1.0,0.9010114942528736,,,,17d makespan+energy
MRFO,n50 m10 bimodal high,50,10,0,6000,0.1655562462992505,35.92800425751613,18.70575671271157,25.10693322506205,,1.7375493049621582,5970,0.1260942760942761,0.0,0.0430976430976431,30.696801346801347,3.1825795644891124,0.004,,35.385185185185186,26.00841750841751,17d makespan+energy
MRFO,n50 m10 bimodal high,50,10,1,6000,0.1935550178055618,42.39303344505802,21.504555542221382,25.10693322506205,,3.8885974884033203,5970,0.20707070707070707,0.0,0.03282828282828283,26.518013468013468,1.340033500837521,0.0,,31.223569023569024,21.812457912457912,17d makespan+energy
QI-MRFO,n50 m10 bimodal high,50,10,0,6000,0.1283955097597407,26.803750485748118,15.500973186929295,25.10693322506205,,6.128355026245117,5970,0.09208754208754209,0.0,0.15707070707070708,7.945454545454545,17.75544388609715,0.0,0.9532610954738434,10.796969696969697,5.093939393939394,17d makespan+energy
QI-MRFO,n50 m10 bimodal high,50,10,1,6000,0.14032796075913403,29.894998171300283,16.378669388003324,25.10693322506205,,4.597454071044922,5970,0.1382154882154882,0.0,0.09478114478114479,6.958585858585859,11.222780569514239,0.02032183908045977,0.9483294361361206,9.554545454545455,4.362626262626263,17d makespan+energy
GA,n50 m10 bimodal high,50,10,0,6000,0.14520215155635924,31.120973246569477,16.771649858547722,25.10693322506205,,1.902327060699463,5975,0.02691337258200168,0.0,0.31084945332211944,5.922624053826745,9.539748953974895,0.17894252873563218,,7.233176312247645,4.612512613521695,17d makespan+energy
GA,n50 m10 bimodal high,50,10,1,6000,0.13253501148513208,27.908524993344948,15.775085243884265,25.10693322506205,,2.9052417278289795,5975,0.022203532380151388,0.0,0.3091673675357443,5.785197645079899,11.213389121338912,0.17544827586206896,,7.0783983849259755,4.492431886982845,17d makespan+energy
DMO,n50 m10 bimodal high,50,10,0,6000,0.20496141268226753,44.9450085738202,22.721472706496005,25.10693322506205,,4.8432252407073975,5973,0.05437710437710438,0.0,0.25336700336700335,26.373905723905725,0.8371002846140968,0.7933333333333333,,29.324579124579124,23.423232323232323,17d makespan+energy
DMO,n50 m10 bimodal high,50,10,1,6000,0.19135685538545166,41.55822081984569,21.591709085994115,25.10693322506205,,2.7904505729675293,5973,0.05505050505050505,0.0,0.2505050505050505,26.47895622895623,0.3348401138456387,0.7549425287356322,,28.76936026936027,24.188552188552187,17d makespan+energy
QI-DMO,n50 m10 bimodal high,50,10,0,6000,0.1454538427430041,30.780667715275143,17.170439604844706,25.10693322506205,,7.311694622039795,5970,0.001851851851851852,0.0,0.37744107744107747,14.577441077441078,4.857621440536013,0.24266666666666667,0.883291487027923,19.772727272727273,9.382154882154882,17d makespan+energy
QI-DMO,n50 m10 bimodal high,50,10,1,6000,0.1428490853069571,30.231095373100487,16.861415543077165,25.10693322506205,,8.159021854400635,5970,0.000505050505050505,0.0,0.36582491582491583,15.014309764309765,1.5075376884422111,0.27282758620689657,0.8789279403658509,19.281144781144782,10.747474747474747,17d makespan+energy
QI-MRFO,n40 m8 identical none,40,8,0,6000,30.0,30.0,12.444444444444445,25.0,0.2,4.937324523925781,5970,0.0361952861952862,0.37744107744107747,0.008754208754208754,11.18922558922559,0.0,0.23051724137931034,0.7690004306802778,12.262626262626263,10.115824915824916,"17c identical tasks, homogeneous VMs / neutral-accept test"
QI-MRFO,n40 m8 identical none,40,8,1,6000,30.0,30.0,12.444444444444445,25.0,0.2,9.218317747116089,5970,0.040067340067340064,0.4058922558922559,0.009595959595959595,9.095117845117844,0.0,0.13804597701149426,0.8471949158832818,10.418181818181818,7.772053872053872,"17c identical tasks, homogeneous VMs / neutral-accept test"
QI-MRFO neutral-accept,n40 m8 identical none,40,8,0,6000,25.0,25.0,11.11111111111111,25.0,0.0,7.619321346282959,5970,0.1994949494949495,0.035521885521885524,0.013131313131313131,5.57037037037037,0.16750418760469013,0.0,0.9462958146052773,7.210774410774411,3.92996632996633,"17c identical tasks, homogeneous VMs / neutral-accept test"
QI-MRFO neutral-accept,n40 m8 identical none,40,8,1,6000,30.0,30.0,12.444444444444445,25.0,0.2,5.457403659820557,5970,0.07828282828282829,0.38602693602693605,0.009595959595959595,7.351851851851852,0.0,0.03793103448275862,0.9255766241843232,8.882491582491582,5.821212121212121,"17c identical tasks, homogeneous VMs / neutral-accept test"
QI-MRFO,n50 m10 bimodal high,50,10,0,6000,26.803750485748118,26.803750485748118,15.955963165164748,25.10693322506205,0.06758361307912683,9.406150102615356,5970,0.09343434343434344,0.11666666666666667,0.09478114478114479,7.6008417508417505,6.197654941373535,0.014160919540229886,0.9511993865495785,10.243434343434343,4.958249158249158,17c-control uniform n100 / neutral-accept test
QI-MRFO,n50 m10 bimodal high,50,10,1,6000,27.06024893394277,27.06024893394277,16.030679652648523,25.10693322506205,0.07779985278850766,5.2006378173828125,5970,0.1063973063973064,0.1026936026936027,0.08552188552188553,6.996296296296296,5.527638190954774,0.010666666666666666,0.9524373905182846,9.360942760942761,4.631649831649832,17c-control uniform n100 / neutral-accept test
QI-MRFO neutral-accept,n50 m10 bimodal high,50,10,0,6000,26.803750485748118,26.803750485748118,15.926004494003587,25.10693322506205,0.06758361307912683,8.860446691513062,5970,0.11296296296296296,0.10218855218855219,0.08047138047138047,7.5904040404040405,6.030150753768845,0.004,0.9544843187032984,10.407744107744108,4.773063973063973,17c-control uniform n100 / neutral-accept test
QI-MRFO neutral-accept,n50 m10 bimodal high,50,10,1,6000,27.06024893394277,27.06024893394277,15.975894440373125,25.10693322506205,0.07779985278850766,4.7036378383636475,5970,0.09915824915824915,0.14831649831649832,0.08602693602693602,7.276262626262627,5.695142378559464,0.011954022988505748,0.950837275315087,9.42895622895623,5.123569023569024,17c-control uniform n100 / neutral-accept test
