algo,instance,n,m,seed,budget,best,makespan,energy_Wh,lb,gap,runtime_s,evals,wasted,neutral,improving,move_size,gb_impr_per_1k,div_end,purity_end,move_sizes_early,move_sizes_late
QI-MRFO c=0.0,n50 m10 bimodal high,50,10,0,15000,28.24369363578502,28.24369363578502,16.49663863390399,25.10693322506205,0.12493602395022177,8.602248430252075,14970,0.5689424364123159,0.13661311914323962,0.027376171352074968,4.134738955823293,1.4696058784235138,0.0,0.9933754467438118,6.257295850066934,2.0121820615796517
QI-MRFO c=0.0,n50 m10 bimodal high,50,10,1,15000,30.231095373100487,30.231095373100487,17.356430999079723,25.10693322506205,0.20409351082845256,16.814899921417236,14970,0.5373493975903615,0.18420348058902275,0.017202141900937083,3.9461847389558233,1.068804275217101,0.007908045977011495,0.984857719824107,5.784203480589023,2.1081659973226237
QI-MRFO c=0.0,n50 m10 bimodal high,50,10,2,15000,30.24917514033006,30.24917514033006,17.297817434920457,25.10693322506205,0.2048136213679399,17.91737174987793,14970,0.629384203480589,0.0607095046854083,0.03072289156626506,3.7653949129852746,1.5364061456245826,0.010206896551724139,0.981641301552147,5.550602409638554,1.9801874163319946
QI-MRFO c=0.25,n50 m10 bimodal high,50,10,0,15000,30.21780345970894,30.21780345970894,17.22771110635903,25.10693322506205,0.20356409876237513,20.342944145202637,14970,0.42295850066934404,0.12054886211512718,0.030254350736278447,4.800870147255689,1.3360053440213762,0.0026666666666666666,0.9788036571144042,6.664658634538153,2.9370816599732263
QI-MRFO c=0.25,n50 m10 bimodal high,50,10,1,15000,26.12823470889463,26.12823470889463,15.73011711846945,25.10693322506205,0.04067806588233981,15.207831621170044,14970,0.4032797858099063,0.071285140562249,0.055220883534136546,4.645046854082999,2.4716098864395457,0.0013333333333333333,0.9800578363427868,6.423694779116466,2.8663989290495313
QI-MRFO c=0.25,n50 m10 bimodal high,50,10,2,15000,30.24917514033006,30.24917514033006,17.386771604834003,25.10693322506205,0.2048136213679399,11.929616451263428,14970,0.335475234270415,0.24912985274431057,0.019611780455153948,4.963855421686747,1.002004008016032,0.014114942528735632,0.9771229176181485,6.788219544846051,3.1394912985274432
QI-MRFO c=0.5,n50 m10 bimodal high,50,10,0,15000,30.21780345970894,30.21780345970894,17.36418695845222,25.10693322506205,0.20356409876237513,9.72744607925415,14970,0.2947121820615797,0.14036144578313253,0.02436412315930388,5.519277108433735,1.1356045424181698,0.005333333333333333,0.9670502514590181,7.364123159303882,3.674431057563588
QI-MRFO c=0.5,n50 m10 bimodal high,50,10,1,15000,31.120973246569477,31.120973246569477,17.416333893906316,25.10693322506205,0.23953702220803844,20.702059745788574,14970,0.26579651941097726,0.22918340026773762,0.019076305220883535,5.353748326639893,1.402805611222445,0.009057471264367815,0.9695488213244692,7.1318607764390896,3.575635876840696
QI-MRFO c=0.5,n50 m10 bimodal high,50,10,2,15000,26.71301190996199,26.71301190996199,15.968952441502527,25.10693322506205,0.06396952867571776,25.898906707763672,14970,0.27677376171352075,0.13460508701472557,0.0320615796519411,5.3980589022757695,1.8704074816299265,0.009333333333333334,0.9748142720785461,7.233868808567604,3.5622489959839356
QI-MRFO c=1.0,n50 m10 bimodal high,50,10,0,15000,30.128754227219858,30.128754227219858,17.05951070303484,25.10693322506205,0.20001730028679743,12.43248200416565,14970,0.07182061579651941,0.2870816599732262,0.029919678714859437,7.29946452476573,1.6700066800267201,0.03774712643678161,0.9495961110180035,9.145381526104417,5.453547523427042
QI-MRFO c=1.0,n50 m10 bimodal high,50,10,1,15000,27.06024893394277,27.06024893394277,16.089439916581824,25.10693322506205,0.07779985278850766,20.194733381271362,14970,0.1103078982597055,0.14397590361445783,0.03038821954484605,6.636211512717537,2.070808283233133,0.016965517241379312,0.947266125937148,8.352878179384204,4.91954484605087
QI-MRFO c=1.0,n50 m10 bimodal high,50,10,2,15000,26.676147024534373,26.676147024534373,15.84523076360006,25.10693322506205,0.06250121372473776,19.8161039352417,14970,0.1033467202141901,0.18607764390896922,0.029317269076305223,6.733199464524766,1.6700066800267201,0.019862068965517243,0.944798408722105,8.523694779116466,4.942704149933066
QI-MRFO c=2.0,n50 m10 bimodal high,50,10,0,15000,29.98325338282059,29.98325338282059,17.017881013158497,25.10693322506205,0.1942220546829246,13.279390335083008,14970,0.020414993306559572,0.1783132530120482,0.02175368139223561,9.66760374832664,1.736806947227789,0.05485057471264367,0.8968991767772537,11.46921017402945,7.865997322623828
QI-MRFO c=2.0,n50 m10 bimodal high,50,10,1,15000,27.06024893394277,27.06024893394277,16.046760616552383,25.10693322506205,0.07779985278850766,22.37968921661377,14970,0.03132530120481928,0.10983935742971887,0.015528781793842034,8.722021419009371,1.402805611222445,0.03572413793103448,0.914325116616842,10.315662650602409,7.128380187416332
QI-MRFO c=2.0,n50 m10 bimodal high,50,10,2,15000,29.996545296212137,29.996545296212137,17.21287420287196,25.10693322506205,0.19475146674900204,14.53847622871399,14970,0.025903614457831327,0.1423025435073628,0.023694779116465864,8.922824631860776,1.5364061456245826,0.03406896551724138,0.9141203158321988,10.582463186077645,7.263186077643909
QI-MRFO c=4.0,n50 m10 bimodal high,50,10,0,15000,27.05759537385895,27.05759537385895,15.921476592748785,25.10693322506205,0.07769416245747301,22.04625964164734,14970,0.0012717536813922356,0.022958500669344042,0.03319946452476573,13.509839357429719,3.2064128256513027,0.06455172413793103,0.8369458934341973,16.052208835341364,10.967469879518072
QI-MRFO c=4.0,n50 m10 bimodal high,50,10,1,15000,27.06024893394277,27.06024893394277,16.07075743169756,25.10693322506205,0.07779985278850766,18.055831909179688,14970,0.0014725568942436412,0.03253012048192771,0.018340026773761713,12.51673360107095,1.402805611222445,0.07250574712643679,0.8373451413241765,14.167469879518073,10.865997322623828
QI-MRFO c=4.0,n50 m10 bimodal high,50,10,2,15000,30.649440574210843,30.649440574210843,17.247162624111933,25.10693322506205,0.2207560477205632,16.71232008934021,14970,0.0008701472556894243,0.07456492637215528,0.013453815261044177,13.039156626506024,1.5364061456245826,0.09604597701149425,0.8361080412815465,14.720749665327979,11.35756358768407
QI-DMO c=0.0,n50 m10 bimodal high,50,10,0,15000,32.67105735229052,32.67105735229052,18.118877479544132,25.10693322506205,0.3012763072025804,14.984270095825195,14979,0.11847389558232932,0.628714859437751,0.09370816599732262,5.654819277108434,0.867881701048134,0.07222988505747127,0.9817708304111912,9.069477911646587,2.240160642570281
QI-DMO c=0.0,n50 m10 bimodal high,50,10,1,15000,28.516467192945598,28.516467192945598,16.591110281509927,25.10693322506205,0.13580049531816607,10.255151987075806,14979,0.16111111111111112,0.5458500669344043,0.10341365461847389,5.406827309236948,1.1349222244475599,0.051448275862068966,0.9881864145897042,9.04350736278447,1.7701472556894244
QI-DMO c=0.0,n50 m10 bimodal high,50,10,2,15000,31.49876454070134,31.49876454070134,17.600530454238772,25.10693322506205,0.25458431176528107,12.46177625656128,14979,0.056626506024096385,0.7492637215528781,0.06961178045515395,6.0966532797858095,0.9346418318979905,0.11839080459770114,0.9669952097958275,8.486345381526105,3.7069611780455154
QI-DMO c=0.25,n50 m10 bimodal high,50,10,0,15000,27.399293438570467,27.399293438570467,16.15242747037465,25.10693322506205,0.0913038718412711,21.509121417999268,14976,0.0034805890227576973,0.09605087014725569,0.31820615796519414,12.616064257028112,2.1367521367521367,0.15434482758620688,0.9243997695608716,17.38152610441767,7.8506024096385545
QI-DMO c=0.25,n50 m10 bimodal high,50,10,1,15000,30.998124690374137,30.998124690374137,17.39235661951794,25.10693322506205,0.23464400898758223,12.638660192489624,14976,0.0006693440428380187,0.2538821954484605,0.2541499330655957,13.935073627844712,0.7345085470085471,0.32799999999999996,0.8638776990371743,18.033868808567604,9.83627844712182
QI-DMO c=0.25,n50 m10 bimodal high,50,10,2,15000,27.712910841682913,27.712910841682913,16.128288446725037,25.10693322506205,0.10379513870772329,24.21395206451416,14976,0.0025435073627844713,0.11566265060240964,0.3076305220883534,11.80809906291834,1.4022435897435896,0.26036781609195403,0.8891165280546247,15.694645247657295,7.9215528781793845
QI-DMO c=0.5,n50 m10 bimodal high,50,10,0,15000,30.128754227219858,30.128754227219858,17.178594538347635,25.10693322506205,0.20001730028679743,16.18660855293274,14976,6.693440428380188e-05,0.06352074966532797,0.3368808567603748,17.695850066934405,1.2686965811965811,0.38220689655172413,0.8455815161039593,21.771887550200802,13.619812583668006
QI-DMO c=0.5,n50 m10 bimodal high,50,10,1,15000,28.328654103534788,28.328654103534788,16.39149075810994,25.10693322506205,0.12831996841640445,21.881885766983032,14976,0.00020080321285140563,0.027710843373493974,0.3507362784471218,17.852409638554217,1.4022435897435896,0.379632183908046,0.8386529470500859,21.77309236947791,13.931726907630521
QI-DMO c=0.5,n50 m10 bimodal high,50,10,2,15000,30.09088895930991,30.09088895930991,16.96866098270716,25.10693322506205,0.19850914046614082,17.385699033737183,14976,0.00013386880856760375,0.07690763052208835,0.32255689424364126,17.55722891566265,0.7345085470085471,0.4398620689655172,0.8312127862608791,21.312583668005356,13.801874163319946
QI-DMO c=1.0,n50 m10 bimodal high,50,10,0,15000,30.231095373100487,30.231095373100487,16.893443162846058,25.10693322506205,0.20409351082845256,23.241034746170044,14976,0.0,0.00823293172690763,0.36204819277108435,22.918607764390895,1.0683760683760684,0.5286436781609196,0.7493868618794342,25.539759036144577,20.297456492637217
QI-DMO c=1.0,n50 m10 bimodal high,50,10,1,15000,28.492927584959414,28.492927584959414,16.51683601969299,25.10693322506205,0.13486292131121067,22.417776346206665,14976,0.0,0.009437751004016065,0.3613788487282463,22.08875502008032,1.001602564102564,0.4776551724137931,0.7370018761933532,24.639892904953147,19.537617135207498
QI-DMO c=1.0,n50 m10 bimodal high,50,10,2,15000,29.486377756813653,29.486377756813653,16.880600975014495,25.10693322506205,0.17443167958801065,12.638632774353027,14975,0.0,0.009906291834002677,0.3611111111111111,22.29926372155288,1.4023372287145242,0.5381149425287357,0.7207058220215345,25.408567603748327,19.189959839357428
QI-DMO c=2.0,n50 m10 bimodal high,50,10,0,15000,31.8580618596395,31.8580618596395,17.692391115241424,25.10693322506205,0.2688949930307851,22.93767762184143,14976,0.0,0.0030120481927710845,0.3708165997322624,27.22115127175368,0.8680555555555556,0.7203218390804598,0.6426819176453982,28.727710843373494,25.71459170013387
QI-DMO c=2.0,n50 m10 bimodal high,50,10,1,15000,30.001433295283107,30.001433295283107,16.926124923206263,25.10693322506205,0.19494615397054174,15.500510692596436,14976,0.0,0.0034136546184738957,0.3644578313253012,27.54558232931727,0.6009615384615384,0.6639540229885057,0.6274383685435082,29.062784471218205,26.02838018741633
QI-DMO c=2.0,n50 m10 bimodal high,50,10,2,15000,29.76749903173528,29.76749903173528,16.9411186951965,25.10693322506205,0.18562863751200784,12.614764928817749,14975,0.0,0.0030120481927710845,0.3695448460508701,27.58507362784471,0.9348914858096828,0.7154942528735633,0.615771007670965,29.27483266398929,25.895314591700135
QI-DMO c=4.0,n50 m10 bimodal high,50,10,0,15000,32.13024770069799,32.13024770069799,17.67479341922821,25.10693322506205,0.27973605588057976,19.1977117061615,14976,0.0,0.0014056224899598394,0.3654618473895582,32.28741633199464,0.6677350427350427,0.8210114942528736,0.488222921132735,33.062918340026776,31.511914323962518
QI-DMO c=4.0,n50 m10 bimodal high,50,10,1,15000,30.490704315560922,30.490704315560922,17.18565253292639,25.10693322506205,0.21443364039080348,20.589548587799072,14976,0.0,0.001004016064257028,0.3644578313253012,32.32416331994645,0.8680555555555556,0.8062068965517242,0.492733129516933,33.33226238286479,31.316064257028113
QI-DMO c=4.0,n50 m10 bimodal high,50,10,2,15000,31.452221645967636,31.452221645967636,17.685919038954037,25.10693322506205,0.25273052523084105,25.790204763412476,14976,0.0,0.0008032128514056225,0.36539491298527443,32.222690763052206,0.6677350427350427,0.8274022988505747,0.49559562787430367,33.02918340026774,31.41619812583668
QI-MRFO P=15,n50 m10 bimodal high,50,10,0,15000,27.06024893394277,27.06024893394277,16.005730883135033,25.10693322506205,0.07779985278850766,14.309489965438843,14985,0.08350033400133601,0.19939879759519039,0.023046092184368736,7.149498997995992,2.335669002335669,0.036000000000000004,0.938165511430096,8.614696058784235,5.684301937207749
QI-MRFO P=15,n50 m10 bimodal high,50,10,1,15000,28.36906024776471,28.36906024776471,16.635429450795083,25.10693322506205,0.12992933041484991,20.31296157836914,14985,0.10701402805611222,0.17935871743486975,0.013560454241816967,6.94308617234469,1.668335001668335,0.02361904761904762,0.9354059760140003,8.537341349365397,5.348830995323981
QI-MRFO P=15,n50 m10 bimodal high,50,10,2,15000,26.70402954617669,26.70402954617669,15.921681860351898,25.10693322506205,0.06361176439981925,12.299159526824951,14985,0.12157648630594522,0.1421509686038744,0.025985303941215766,6.6051436205744825,2.9362696029362696,0.018095238095238095,0.9431073070429735,8.114762859051437,5.095524382097528
QI-MRFO P=60,n50 m10 bimodal high,50,10,0,15000,27.06024893394277,27.06024893394277,16.019482611853718,25.10693322506205,0.07779985278850766,19.346309661865234,14940,0.1030241935483871,0.17446236559139786,0.03581989247311828,7.532594086021505,1.8072289156626506,0.02615819209039548,0.9422972813640581,9.702016129032257,5.363172043010753
QI-MRFO P=60,n50 m10 bimodal high,50,10,1,15000,29.894998171300283,29.894998171300283,16.891848834986902,25.10693322506205,0.19070688177314812,21.731345891952515,14940,0.0907258064516129,0.23783602150537633,0.03346774193548387,7.634610215053764,1.6733601070950468,0.03604519774011299,0.9366815525251724,9.615591397849462,5.653629032258064
QI-MRFO P=60,n50 m10 bimodal high,50,10,2,15000,29.758118635547262,29.758118635547262,17.03606636734049,25.10693322506205,0.18525501975057396,17.004652738571167,14940,0.08413978494623656,0.2536290322580645,0.02110215053763441,7.36122311827957,0.8032128514056225,0.03168361581920904,0.9468828857993741,9.253091397849463,5.469354838709678
QI-MRFO S=1.0,n50 m10 bimodal high,50,10,0,15000,27.908524993344948,27.908524993344948,16.46317445227304,25.10693322506205,0.11158637907581295,13.33953309059143,14970,0.11492637215528782,0.15528781793842034,0.03273092369477912,5.709437751004016,2.004008016032064,0.013057471264367817,0.9415120938614739,7.599196787148594,3.8196787148594376
QI-MRFO S=1.0,n50 m10 bimodal high,50,10,1,15000,27.06024893394277,27.06024893394277,16.056903579330694,25.10693322506205,0.07779985278850766,22.789815187454224,14970,0.1176706827309237,0.17777777777777778,0.025167336010709505,5.784605087014725,1.6032064128256514,0.026436781609195402,0.9407799643506286,7.602275769745649,3.9669344042838017
QI-MRFO S=1.0,n50 m10 bimodal high,50,10,2,15000,26.620960550097294,26.620960550097294,15.929371999721148,25.10693322506205,0.06030315656091055,11.848478317260742,14970,0.14002677376171352,0.15267737617135207,0.0357429718875502,5.626773761713521,2.338009352037408,0.010620689655172412,0.9438514065724992,7.775368139223561,3.4781793842034805
QI-MRFO S=3.0,n50 m10 bimodal high,50,10,0,15000,30.889202035433225,30.889202035433225,17.506786686064054,25.10693322506205,0.23030565933872174,8.686020851135254,14970,0.09725568942436412,0.18386880856760374,0.019076305220883535,8.022489959839357,1.3360053440213762,0.020827586206896554,0.9473230959042687,9.89384203480589,6.151137884872824
QI-MRFO S=3.0,n50 m10 bimodal high,50,10,1,15000,29.758118635547262,29.758118635547262,17.034688355687734,25.10693322506205,0.18525501975057396,16.128445863723755,14970,0.05896921017402945,0.2498661311914324,0.012918340026773762,8.234203480589024,1.402805611222445,0.03255172413793103,0.93477457728127,10.017402945113789,6.451004016064257
QI-MRFO S=3.0,n50 m10 bimodal high,50,10,2,15000,31.77279585994328,31.77279585994328,17.810139526495476,25.10693322506205,0.265498879338528,24.653607845306396,14970,0.078714859437751,0.2761044176706827,0.019879518072289156,8.584203480589023,1.4696058784235138,0.04579310344827586,0.9246808815562765,9.985140562248995,7.1832663989290495
QI-MRFO c=0.0,n100 m10 uniform high,100,10,0,15000,54.66792297789064,54.66792297789064,31.42612460523058,47.06057394079924,0.16165015425993776,16.336097240447998,14970,0.6047523427041499,0.08333333333333333,0.030856760374832665,7.173159303882195,1.5364061456245826,0.0006666666666666666,0.9966613294241335,11.173493975903614,3.1728246318607765
QI-MRFO c=0.0,n100 m10 uniform high,100,10,1,15000,49.547052176595095,49.547052176595095,29.5424741840275,47.06057394079924,0.05283569722128274,17.796513557434082,14970,0.6352744310575635,0.04477911646586345,0.03266398929049531,7.027978580990629,1.402805611222445,0.0,0.9957796038193906,10.752744310575636,3.3032128514056227
QI-MRFO c=0.0,n100 m10 uniform high,100,10,2,15000,51.269607199124344,51.269607199124344,30.292344544942914,47.06057394079924,0.08943862995848588,18.854752779006958,14970,0.6657295850066934,0.03406961178045515,0.02389558232931727,6.838018741633199,1.6032064128256514,0.0,0.9957037869834823,10.541097724230255,3.1349397590361447
QI-MRFO c=0.25,n100 m10 uniform high,100,10,0,15000,48.065612940549656,48.065612940549656,28.937990134971574,47.06057394079924,0.021356284371175045,26.78243660926819,14970,0.4259036144578313,0.03714859437751004,0.05515394912985275,8.374698795180723,3.006012024048096,0.0006666666666666666,0.9912026569918084,12.22623828647925,4.523159303882196
QI-MRFO c=0.25,n100 m10 uniform high,100,10,1,15000,47.508622301520326,47.508622301520326,28.788213016686303,47.06057394079924,0.009520673532046586,22.739405632019043,14970,0.40796519410977244,0.02998661311914324,0.07329317269076305,8.166465863453816,3.406813627254509,0.0,0.9899681525533904,11.748192771084337,4.584738955823293
QI-MRFO c=0.25,n100 m10 uniform high,100,10,2,15000,47.626359472799024,47.626359472799024,28.831357783887984,47.06057394079924,0.012022495363348677,25.686681985855103,14970,0.4167336010709505,0.053614457831325305,0.05783132530120482,8.159973226238286,2.4716098864395457,0.0,0.9923083091052474,11.912449799196787,4.407496653279786
QI-MRFO c=0.5,n100 m10 uniform high,100,10,0,15000,47.74382858937239,47.74382858937239,28.851881710393958,47.06057394079924,0.014518621244030461,12.937018871307373,14970,0.3171352074966533,0.029049531459170014,0.044712182061579654,9.04892904953146,2.6720106880427523,0.0,0.9866882869414684,12.80776439089692,5.2900937081659976
QI-MRFO c=0.5,n100 m10 uniform high,100,10,1,15000,47.76125482571629,47.76125482571629,28.884768435125437,47.06057394079924,0.014888914992802479,13.250809907913208,14970,0.27476572958500667,0.050937081659973224,0.06994645247657295,9.055488621151271,3.8744154976619907,0.0006666666666666666,0.98576813053686,12.802543507362785,5.308433734939759
QI-MRFO c=0.5,n100 m10 uniform high,100,10,2,15000,47.66615412196033,47.66615412196033,28.835861647368777,47.06057394079924,0.01286810020470418,21.028257608413696,14970,0.29042838018741635,0.042436412315930386,0.05080321285140562,9.083400267737618,3.006012024048096,0.0,0.9872977158491213,12.691030789825971,5.475769745649264
QI-MRFO c=1.0,n100 m10 uniform high,100,10,0,15000,47.69481511894036,47.69481511894036,28.88815123107308,47.06057394079924,0.01347712373714312,19.551634073257446,14970,0.15635876840696117,0.0358768406961178,0.04370816599732262,10.32817938420348,2.80561122244489,0.0006666666666666666,0.9766119257429124,13.90843373493976,6.747925033467202
QI-MRFO c=1.0,n100 m10 uniform high,100,10,1,15000,47.723313351762854,47.723313351762854,28.886350942872845,47.06057394079924,0.014082688659881689,24.712635040283203,14970,0.15548862115127177,0.016867469879518072,0.04738955823293173,10.302409638554217,3.072812291249165,0.0,0.9760329308343912,14.076305220883533,6.5285140562249
QI-MRFO c=1.0,n100 m10 uniform high,100,10,2,15000,47.86531684223644,47.86531684223644,28.868647644174242,47.06057394079924,0.01710015059420107,23.37730836868286,14970,0.15461847389558234,0.026238286479250333,0.04819277108433735,10.37516733601071,2.80561122244489,0.0,0.97576199495712,14.23734939759036,6.512985274431058
QI-MRFO c=2.0,n100 m10 uniform high,100,10,0,15000,47.584002953745234,47.584002953745234,28.81858524134622,47.06057394079924,0.011122452811656188,15.861829280853271,14970,0.04598393574297189,0.01459170013386881,0.04236947791164659,13.075100401606425,2.80561122244489,0.0,0.958010285559802,17.27496653279786,8.875234270414992
QI-MRFO c=2.0,n100 m10 uniform high,100,10,1,15000,47.899927730438385,47.899927730438385,28.8789319846793,47.06057394079924,0.017835604612366805,17.30932641029358,14970,0.04457831325301205,0.011378848728246318,0.04497991967871486,13.054953145917,3.406813627254509,0.0006666666666666666,0.9534173607697033,17.140428380187416,8.969477911646587
QI-MRFO c=2.0,n100 m10 uniform high,100,10,2,15000,47.644549040943176,47.644549040943176,28.84375528289738,47.06057394079924,0.012409009309545629,21.625062704086304,14970,0.036880856760374836,0.010642570281124497,0.04805890227576975,12.924631860776438,3.674014696058784,0.0,0.9577682935582412,17.141767068273094,8.707496653279787
QI-MRFO c=4.0,n100 m10 uniform high,100,10,0,15000,47.73336313543116,47.73336313543116,28.87266642479245,47.06057394079924,0.014296238619577246,22.190083503723145,14970,0.0023427041499330657,0.001606425702811245,0.027376171352074968,18.457496653279787,2.070808283233133,0.013103448275862068,0.9240944124415601,22.736680053547524,14.178313253012048
QI-MRFO c=4.0,n100 m10 uniform high,100,10,1,15000,48.06477022925918,48.06477022925918,28.945352151251857,47.06057394079924,0.02133837742232367,17.66550064086914,14970,0.0023427041499330657,0.0024096385542168677,0.02824631860776439,17.414993306559573,2.4716098864395457,0.008298850574712644,0.9224551634900798,21.8285140562249,13.001472556894244
QI-MRFO c=4.0,n100 m10 uniform high,100,10,2,15000,47.92663880827293,47.92663880827293,28.91954738651399,47.06057394079924,0.01840319390416231,19.450145721435547,14970,0.00321285140562249,0.00214190093708166,0.03319946452476573,18.1074297188755,3.2064128256513027,0.0039540229885057475,0.9184252937936621,23.4764390896921,12.738420348058902
QI-DMO c=0.0,n100 m10 uniform high,100,10,0,15000,48.59596432997742,48.59596432997742,28.926428638377338,47.06057394079924,0.03262583221168651,19.75373911857605,14973,0.407429718875502,0.10274431057563588,0.18045515394912987,11.270883534136546,1.9368196086288654,0.0,0.9998646657946264,22.181258366800535,0.36050870147255687
QI-DMO c=0.0,n100 m10 uniform high,100,10,1,15000,48.47270744910623,48.47270744910623,29.052086746826852,47.06057394079924,0.03000672091427135,18.300868272781372,14973,0.42402945113788487,0.03172690763052209,0.2042838018741633,12.88520749665328,1.4693114272356909,0.0,0.9993640098647486,25.344444444444445,0.4259705488621151
QI-DMO c=0.0,n100 m10 uniform high,100,10,2,15000,49.196755299014725,49.196755299014725,29.427393903191398,47.06057394079924,0.045392165444109095,20.900737762451172,14973,0.19484605087014725,0.17884872824631862,0.22590361445783133,14.402074966532798,2.1371802577973686,0.010597701149425287,0.9981569382163505,26.469210174029453,2.3349397590361445
QI-DMO c=0.25,n100 m10 uniform high,100,10,0,15000,49.56481751791434,49.56481751791434,29.14971496485828,47.06057394079924,0.05321319668275543,38.27334952354431,14973,6.693440428380188e-05,0.022289156626506025,0.3506024096385542,23.569277108433734,1.6696720764041941,0.14664367816091953,0.9362647726153744,31.455689424364124,15.682864792503347
QI-DMO c=0.25,n100 m10 uniform high,100,10,1,15000,49.09296117553613,49.09296117553613,29.18554660639191,47.06057394079924,0.04318662235810332,25.726445198059082,14972,0.0014725568942436412,0.03433734939759036,0.33955823293172693,21.93781793842035,2.003740315255143,0.1208735632183908,0.9455047478405739,31.655153949129854,12.220481927710843
QI-DMO c=0.25,n100 m10 uniform high,100,10,2,15000,49.587030810401735,49.587030810401735,29.27050660623447,47.06057394079924,0.05368521159093179,28.263383150100708,14973,0.000535475234270415,0.019544846050870146,0.3454484605087015,25.95769745649264,2.7382622053028784,0.18351724137931033,0.9419384174647917,35.69223560910308,16.223159303882195
QI-DMO c=0.5,n100 m10 uniform high,100,10,0,15000,49.61175988092998,49.61175988092998,29.540618086401352,47.06057394079924,0.05421068479402859,31.34131097793579,14973,0.0,0.011981258366800536,0.35555555555555557,28.88641231593039,1.6696720764041941,0.26622988505747125,0.876531520260136,37.21285140562249,20.559973226238288
QI-DMO c=0.5,n100 m10 uniform high,100,10,1,15000,48.87242374521852,48.87242374521852,29.29162662920572,47.06057394079924,0.03850037627459736,16.7234947681427,14973,0.0,0.00930388219544846,0.356760374832664,29.075903614457832,2.003606491685033,0.31091954022988505,0.8783271711726509,36.363453815261046,21.78835341365462
QI-DMO c=0.5,n100 m10 uniform high,100,10,2,15000,50.18995179213521,50.18995179213521,29.717549414021413,47.06057394079924,0.06649680590960569,34.218080282211304,14971,6.693440428380188e-05,0.012048192771084338,0.35080321285140564,28.88922356091031,1.4695077149155034,0.28379310344827585,0.8758059314576767,36.87269076305221,20.905756358768407
QI-DMO c=1.0,n100 m10 uniform high,100,10,0,15000,50.88189091829053,50.88189091829053,29.965602219217367,47.06057394079924,0.08119996543812646,29.108906269073486,14973,0.0,0.003748326639892905,0.3574966532797858,37.296854082998664,1.5360983102918586,0.45473563218390806,0.8147127539696821,41.60669344042838,32.98701472556894
QI-DMO c=1.0,n100 m10 uniform high,100,10,1,15000,51.2255397968168,51.2255397968168,29.877419159265948,47.06057394079924,0.08850223248991734,24.77375364303589,14973,0.0,0.005287817938420348,0.3559571619812584,36.6256358768407,1.2021638950110198,0.4699540229885057,0.7927470019922332,40.9186077643909,32.332663989290495
QI-DMO c=1.0,n100 m10 uniform high,100,10,2,15000,50.846550705953945,50.846550705953945,29.863310782289556,47.06057394079924,0.08044901385855069,21.61653995513916,14973,0.0,0.005689424364123159,0.35896921017402944,37.73212851405623,1.5360983102918586,0.4356091954022988,0.8132733016618052,43.845649263721555,31.618607764390898
QI-DMO c=2.0,n100 m10 uniform high,100,10,0,15000,53.16464267661426,53.16464267661426,30.631846593487126,47.06057394079924,0.12970663603664823,33.342225551605225,14973,0.0,0.0032797858099062917,0.35977242302543505,44.50020080321285,1.402524544179523,0.5597931034482759,0.7296609574878817,47.76331994645248,41.23708165997323
QI-DMO c=2.0,n100 m10 uniform high,100,10,1,15000,52.650009784847235,52.650009784847235,30.414531809687254,47.06057394079924,0.11877109384767251,28.50821089744568,14972,0.0,0.003145917001338688,0.3599732262382865,45.152543507362786,1.335826876836762,0.6384597701149426,0.7030117007271223,49.233199464524766,41.071887550200806
QI-DMO c=2.0,n100 m10 uniform high,100,10,2,15000,52.08163740575888,52.08163740575888,29.777464136721324,47.06057394079924,0.10669363002831181,20.647735595703125,14973,0.0,0.002811244979919679,0.35816599732262383,45.51706827309237,1.402524544179523,0.6312413793103449,0.7143648246950072,48.790361445783134,42.243775100401606
QI-DMO c=4.0,n100 m10 uniform high,100,10,0,15000,58.25223310122346,58.25223310122346,32.83361745276886,47.06057394079924,0.23781391137522012,30.761434316635132,14973,0.0,0.000535475234270415,0.35615796519410975,55.002074966532795,0.9350163627863488,0.7427586206896553,0.5917839995209575,57.866800535475235,52.13734939759036
QI-DMO c=4.0,n100 m10 uniform high,100,10,1,15000,57.310606928398414,57.310606928398414,31.84887404807525,47.06057394079924,0.21780509945529786,19.947185516357422,14973,0.0,0.001004016064257028,0.3538152610441767,54.34578313253012,1.0685901288986843,0.7217701149425289,0.6040094172123014,57.25327978580991,51.43828647925034
QI-DMO c=4.0,n100 m10 uniform high,100,10,2,15000,58.93267414111442,58.93267414111442,33.03433087816395,47.06057394079924,0.25227274565860414,22.085436582565308,14972,0.0,0.00040160642570281126,0.3606425702811245,54.09765729585007,0.7347047822602191,0.7536551724137931,0.6152466550506186,56.27938420348059,51.91593038821954
QI-MRFO P=15,n100 m10 uniform high,100,10,0,15000,47.79294583667159,47.79294583667159,28.826440153395346,47.06057394079924,0.015562323927320905,23.508878469467163,14985,0.16967267869071476,0.026386105544422177,0.0312625250501002,10.093052772211088,3.2699366032699366,0.0013333333333333333,0.976072969922735,13.620574482297929,6.565531062124249
QI-MRFO P=15,n100 m10 uniform high,100,10,1,15000,47.966554399443595,47.966554399443595,28.973128578514437,47.06057394079924,0.01925136866762512,19.28197193145752,14985,0.17034068136272545,0.03994655978623914,0.03647294589178357,9.815364061456245,3.6036036036036037,0.0,0.9781088661851125,13.288042752171009,6.342685370741483
QI-MRFO P=15,n100 m10 uniform high,100,10,2,15000,47.588278114222796,47.588278114222796,28.793123952014913,47.06057394079924,0.01121329659275711,22.783122301101685,14985,0.18229792919171678,0.022712090848363394,0.02845691382765531,9.964529058116232,3.0697364030697365,0.0,0.976371566258436,13.687241148964596,6.241816967267869
QI-MRFO P=60,n100 m10 uniform high,100,10,0,15000,47.58440524514831,47.58440524514831,28.78967997126224,47.06057394079924,0.011131001186004174,18.17908811569214,14940,0.14529569892473118,0.01875,0.07244623655913979,11.049932795698926,3.0120481927710845,0.0,0.9755107234383894,15.404166666666667,6.6956989247311824
QI-MRFO P=60,n100 m10 uniform high,100,10,1,15000,47.749932946955774,47.749932946955774,28.86062610137882,47.06057394079924,0.014648334017849608,19.47078227996826,14940,0.14663978494623656,0.014314516129032258,0.0719758064516129,10.910282258064516,3.2797858099062918,0.0006666666666666666,0.9771562467050244,15.436424731182795,6.384139784946236
QI-MRFO P=60,n100 m10 uniform high,100,10,2,15000,47.491834585683534,47.491834585683534,28.780655715372717,47.06057394079924,0.009163947839369952,14.457385540008545,14940,0.15981182795698926,0.011760752688172043,0.0648521505376344,10.832459677419354,2.7443105756358768,0.0003333333333333333,0.9758123937038689,14.933736559139785,6.731182795698925
QI-MRFO S=1.0,n100 m10 uniform high,100,10,0,15000,47.57363423805606,47.57363423805606,28.793166440842878,47.06057394079924,0.010902125798598108,19.50627374649048,14970,0.18005354752342703,0.02710843373493976,0.039692101740294514,8.395983935742972,2.2712090848363395,0.0006666666666666666,0.9734935276767835,11.993440428380188,4.7985274431057565
QI-MRFO S=1.0,n100 m10 uniform high,100,10,1,15000,47.85214327202946,47.85214327202946,28.920856213372222,47.06057394079924,0.016820222639570673,14.437349557876587,14970,0.1757028112449799,0.02684069611780455,0.03708165997322624,8.27342704149933,2.137608550434202,0.0,0.9776548851220529,11.778447121820616,4.768406961178045
QI-MRFO S=1.0,n100 m10 uniform high,100,10,2,15000,47.463692504480115,47.463692504480115,28.77277121426845,47.06057394079924,0.00856595085703774,16.376880884170532,14970,0.1607764390896921,0.02677376171352075,0.0572289156626506,8.63065595716198,3.473613894455578,0.0,0.9747993861339306,12.462382864792504,4.798929049531459
QI-MRFO S=3.0,n100 m10 uniform high,100,10,0,15000,47.60827673075599,47.60827673075599,28.818284919572786,47.06057394079924,0.011638251387366101,10.278439998626709,14970,0.13882195448460508,0.02175368139223561,0.0462516733601071,12.068206157965195,2.9392117568470275,0.0,0.9764380469499246,16.000267737617136,8.136144578313253
QI-MRFO S=3.0,n100 m10 uniform high,100,10,1,15000,47.5127899685011,47.5127899685011,28.838355207345057,47.06057394079924,0.009609233161302699,9.823692798614502,14970,0.1281793842034806,0.018674698795180723,0.05127175368139224,11.893440428380188,3.006012024048096,0.0,0.9751096054512361,15.905220883534136,7.881659973226238
QI-MRFO S=3.0,n100 m10 uniform high,100,10,2,15000,47.48815553649811,47.48815553649811,28.794780874944998,47.06057394079924,0.009085770952066153,22.229804277420044,14970,0.13386880856760375,0.019812583668005354,0.050870147255689425,11.96111111111111,2.9392117568470275,0.0,0.9759821802211831,15.903212851405623,8.0190093708166
