key,step,scenario,seed,changes,migration_price,makespan_s,lower_bound_s,gap_pct,cost_gap_pct,migrations_per_change,initial_makespan_s,runtime_s
change|2. keeps its registers|Task churn (20% replaced)|price0.2|seed601|K8|b20000-4000,2. keeps its registers,Task churn (20% replaced),601,8,0.2,83.36732391081745,81.0334762988832,2.8810026315416595,4.616390557673721,6.75,84.11476048871965,5.9551286697387695
change|1. restart after each change|Task churn (20% replaced)|price0.2|seed601|K8|b20000-4000,1. restart after each change,Task churn (20% replaced),601,8,0.2,83.68949321775801,81.0334762988832,3.267602124959157,16.040036390214635,49.5,84.11476048871965,6.002683401107788
change|4. + starts from the running schedule|Task churn (20% replaced)|price0.2|seed601|K8|b20000-4000,4. + starts from the running schedule,Task churn (20% replaced),601,8,0.2,82.03146790944933,81.0334762988832,1.2319459807806312,5.310829881755451,16.125,83.22338122843344,8.687346696853638
change|3. + swap move|Task churn (20% replaced)|price0.2|seed601|K8|b20000-4000,3. + swap move,Task churn (20% replaced),601,8,0.2,81.52237483065517,81.0334762988832,0.6044362149435436,6.264063188420015,22.5,83.22338122843344,8.799261331558228
change|6. + no noise after small changes|Task churn (20% replaced)|price0.2|seed601|K8|b20000-4000,6. + no noise after small changes,Task churn (20% replaced),601,8,0.2,81.54606781529748,81.0334762988832,0.631452707111963,1.2288015114585147,2.375,83.22338122843344,7.44321346282959
change|1. restart after each change|Task churn (20% replaced)|price0.2|seed602|K8|b20000-4000,1. restart after each change,Task churn (20% replaced),602,8,0.2,63.00717837782541,61.3638233392659,2.6821282779985482,15.839558565828865,51.25,68.29604940016281,5.901609420776367
change|2. keeps its registers|Task churn (20% replaced)|price0.2|seed602|K8|b20000-4000,2. keeps its registers,Task churn (20% replaced),602,8,0.2,62.89264305609051,61.3638233392659,2.478718068051524,4.405786292526578,7.5,68.29604940016281,5.825400114059448
change|5. + event-aware start|Task churn (20% replaced)|price0.2|seed601|K8|b20000-4000,5. + event-aware start,Task churn (20% replaced),601,8,0.2,81.69248304646254,81.0334762988832,0.81230949024552,1.2217405639518852,1.625,83.22338122843344,8.83481764793396
change|3. + swap move|Task churn (20% replaced)|price0.2|seed602|K8|b20000-4000,3. + swap move,Task churn (20% replaced),602,8,0.2,61.869972445765356,61.3638233392659,0.8316850732175625,6.563483674672041,22.75,67.17240046296372,8.790678977966309
change|6. + no noise after small changes|Task churn (20% replaced)|price0.2|seed602|K8|b20000-4000,6. + no noise after small changes,Task churn (20% replaced),602,8,0.2,61.847703852316336,61.3638233392659,0.780354035234453,1.7256466046086827,3.75,67.17240046296372,7.528730869293213
change|4. + starts from the running schedule|Task churn (20% replaced)|price0.2|seed602|K8|b20000-4000,4. + starts from the running schedule,Task churn (20% replaced),602,8,0.2,62.04219629091399,61.3638233392659,1.115396830589953,4.397296090088709,13.0,67.17240046296372,8.807815313339233
change|5. + event-aware start|Task churn (20% replaced)|price0.2|seed602|K8|b20000-4000,5. + event-aware start,Task churn (20% replaced),602,8,0.2,61.80512030010105,61.3638233392659,0.7171422852246211,1.4084761344894214,2.75,67.17240046296372,8.945874691009521
change|1. restart after each change|Task churn (20% replaced)|price0.2|seed603|K8|b20000-4000,1. restart after each change,Task churn (20% replaced),603,8,0.2,44.69250602144071,43.80880024693162,2.011707003221159,17.280680715295986,59.875,42.03782772151984,5.858831167221069
change|2. keeps its registers|Task churn (20% replaced)|price0.2|seed603|K8|b20000-4000,2. keeps its registers,Task churn (20% replaced),603,8,0.2,45.2225551797828,43.80880024693162,3.2293249098320542,5.059439952053141,7.125,42.03782772151984,6.016197681427002
change|3. + swap move|Task churn (20% replaced)|price0.2|seed603|K8|b20000-4000,3. + swap move,Task churn (20% replaced),603,8,0.2,44.23314749653379,43.80880024693162,0.9619767663937219,6.290557548295747,21.125,41.765569900655734,8.731415271759033
change|4. + starts from the running schedule|Task churn (20% replaced)|price0.2|seed603|K8|b20000-4000,4. + starts from the running schedule,Task churn (20% replaced),603,8,0.2,44.18221380390913,43.80880024693162,0.8532448146590755,5.391377187768513,18.0,41.765569900655734,8.616585731506348
change|6. + no noise after small changes|Task churn (20% replaced)|price0.2|seed603|K8|b20000-4000,6. + no noise after small changes,Task churn (20% replaced),603,8,0.2,44.096646170644746,43.80880024693162,0.6544814486584872,1.126549433748061,1.875,41.765569900655734,7.627793073654175
change|5. + event-aware start|Task churn (20% replaced)|price0.2|seed603|K8|b20000-4000,5. + event-aware start,Task churn (20% replaced),603,8,0.2,44.193398761998175,43.80880024693162,0.8759383515195528,1.19084126568476,1.25,41.765569900655734,8.710466623306274
change|2. keeps its registers|Task churn (20% replaced)|price0.2|seed604|K8|b20000-4000,2. keeps its registers,Task churn (20% replaced),604,8,0.2,56.20196239322837,54.69332623597475,2.746350771362049,5.182900278539668,9.5,56.329846597447144,5.707948446273804
change|1. restart after each change|Task churn (20% replaced)|price0.2|seed604|K8|b20000-4000,1. restart after each change,Task churn (20% replaced),604,8,0.2,56.69205199565341,54.69332623597475,3.6367311812449663,15.801261908404243,47.0,56.329846597447144,5.921870231628418
change|3. + swap move|Task churn (20% replaced)|price0.2|seed604|K8|b20000-4000,3. + swap move,Task churn (20% replaced),604,8,0.2,55.10674959850847,54.69332623597475,0.7562059573502837,6.1407080303945705,21.375,55.30710830462359,8.756600141525269
change|4. + starts from the running schedule|Task churn (20% replaced)|price0.2|seed604|K8|b20000-4000,4. + starts from the running schedule,Task churn (20% replaced),604,8,0.2,55.135986864155974,54.69332623597475,0.8057685938942828,5.151510189114415,17.25,55.30710830462359,8.628356218338013
change|6. + no noise after small changes|Task churn (20% replaced)|price0.2|seed604|K8|b20000-4000,6. + no noise after small changes,Task churn (20% replaced),604,8,0.2,55.18152508805855,54.69332623597475,0.8938600623890413,1.3662211585412691,1.875,55.30710830462359,7.4789862632751465
change|5. + event-aware start|Task churn (20% replaced)|price0.2|seed604|K8|b20000-4000,5. + event-aware start,Task churn (20% replaced),604,8,0.2,55.217579636125436,54.69332623597475,0.963260221273691,1.562342567927821,2.375,55.30710830462359,8.626437902450562
change|1. restart after each change|Task churn (20% replaced)|price0.2|seed605|K8|b20000-4000,1. restart after each change,Task churn (20% replaced),605,8,0.2,44.795780000350824,43.8331458474421,2.1898862121796725,16.082169932693812,54.375,44.8336258737818,5.593860149383545
change|2. keeps its registers|Task churn (20% replaced)|price0.2|seed605|K8|b20000-4000,2. keeps its registers,Task churn (20% replaced),605,8,0.2,45.181500609828234,43.8331458474421,3.0570451150403106,5.183613541542907,8.25,44.8336258737818,5.683152914047241
change|3. + swap move|Task churn (20% replaced)|price0.2|seed605|K8|b20000-4000,3. + swap move,Task churn (20% replaced),605,8,0.2,44.50750274990175,43.8331458474421,1.521945822288785,6.495197269224646,19.625,44.19609771750957,8.664594411849976
change|4. + starts from the running schedule|Task churn (20% replaced)|price0.2|seed605|K8|b20000-4000,4. + starts from the running schedule,Task churn (20% replaced),605,8,0.2,44.18499670600305,43.8331458474421,0.8056924339333739,4.804303534546102,15.875,44.19609771750957,8.611767053604126
change|6. + no noise after small changes|Task churn (20% replaced)|price0.2|seed605|K8|b20000-4000,6. + no noise after small changes,Task churn (20% replaced),605,8,0.2,44.1713588744538,43.8331458474421,0.7725904046946092,1.4014859469583056,2.5,44.19609771750957,7.502246379852295
change|5. + event-aware start|Task churn (20% replaced)|price0.2|seed605|K8|b20000-4000,5. + event-aware start,Task churn (20% replaced),605,8,0.2,44.28701282827984,43.8331458474421,1.030733659677557,1.5662086776904331,2.125,44.19609771750957,8.831310510635376
change|1. restart after each change|Task churn (20% replaced)|price0.2|seed606|K8|b20000-4000,1. restart after each change,Task churn (20% replaced),606,8,0.2,38.45323493115537,37.754545275735126,1.8458023053986323,17.62685745164534,62.0,40.62877804165534,5.6882007122039795
change|2. keeps its registers|Task churn (20% replaced)|price0.2|seed606|K8|b20000-4000,2. keeps its registers,Task churn (20% replaced),606,8,0.2,38.66755830106371,37.754545275735126,2.4191362213979195,4.143687707400549,6.75,40.62877804165534,5.799144506454468
change|3. + swap move|Task churn (20% replaced)|price0.2|seed606|K8|b20000-4000,3. + swap move,Task churn (20% replaced),606,8,0.2,38.082179877313244,37.754545275735126,0.8716853014622207,5.787029511066111,19.5,40.05417610400422,8.708534002304077
change|4. + starts from the running schedule|Task churn (20% replaced)|price0.2|seed606|K8|b20000-4000,4. + starts from the running schedule,Task churn (20% replaced),606,8,0.2,38.056255425393786,37.754545275735126,0.8041257760944257,5.05293342595486,16.875,40.05417610400422,8.519301652908325
change|5. + event-aware start|Task churn (20% replaced)|price0.2|seed606|K8|b20000-4000,5. + event-aware start,Task churn (20% replaced),606,8,0.2,38.19553434659221,37.754545275735126,1.1590559776163212,1.5691001131100728,1.625,40.05417610400422,8.595693588256836
change|6. + no noise after small changes|Task churn (20% replaced)|price0.2|seed606|K8|b20000-4000,6. + no noise after small changes,Task churn (20% replaced),606,8,0.2,38.132318297548125,37.754545275735126,0.9940036561327064,1.4023507690685273,1.625,40.05417610400422,7.646178722381592
change|1. restart after each change|Task churn (20% replaced)|price0.2|seed607|K8|b20000-4000,1. restart after each change,Task churn (20% replaced),607,8,0.2,52.15518619521782,51.0270987402578,2.2057854922744258,16.76833324582644,57.0,50.702679388955985,5.588573932647705
change|2. keeps its registers|Task churn (20% replaced)|price0.2|seed607|K8|b20000-4000,2. keeps its registers,Task churn (20% replaced),607,8,0.2,52.58418934882688,51.0270987402578,3.049871382431439,4.9087284773259805,7.25,50.702679388955985,5.773050308227539
change|3. + swap move|Task churn (20% replaced)|price0.2|seed607|K8|b20000-4000,3. + swap move,Task churn (20% replaced),607,8,0.2,51.324544734650885,51.0270987402578,0.5826299740433964,5.705067127682661,20.375,49.894031890873144,8.621072053909302
change|4. + starts from the running schedule|Task churn (20% replaced)|price0.2|seed607|K8|b20000-4000,4. + starts from the running schedule,Task churn (20% replaced),607,8,0.2,51.35413359900874,51.0270987402578,0.6452864935454802,5.329844730902436,18.625,49.894031890873144,8.762601137161255
change|6. + no noise after small changes|Task churn (20% replaced)|price0.2|seed607|K8|b20000-4000,6. + no noise after small changes,Task churn (20% replaced),607,8,0.2,51.39108777254762,51.0270987402578,0.7069973552110841,1.4295146017993927,2.875,49.894031890873144,7.4872965812683105
change|5. + event-aware start|Task churn (20% replaced)|price0.2|seed607|K8|b20000-4000,5. + event-aware start,Task churn (20% replaced),607,8,0.2,51.56839734867425,51.0270987402578,1.0544421778003465,1.401007901241798,1.375,49.894031890873144,8.619042158126831
change|1. restart after each change|Task churn (20% replaced)|price0.2|seed608|K8|b20000-4000,1. restart after each change,Task churn (20% replaced),608,8,0.2,58.17802353418321,56.58413246436683,2.80973498409723,16.684590634707344,54.0,57.08643266256377,5.739255666732788
change|2. keeps its registers|Task churn (20% replaced)|price0.2|seed608|K8|b20000-4000,2. keeps its registers,Task churn (20% replaced),608,8,0.2,58.12099582428958,56.58413246436683,2.722632607841362,4.814125622667299,8.125,57.08643266256377,5.864086151123047
change|3. + swap move|Task churn (20% replaced)|price0.2|seed608|K8|b20000-4000,3. + swap move,Task churn (20% replaced),608,8,0.2,56.94396587791342,56.58413246436683,0.6355223827708549,5.981521535728443,21.25,56.20955047684225,8.678706407546997
change|4. + starts from the running schedule|Task churn (20% replaced)|price0.2|seed608|K8|b20000-4000,4. + starts from the running schedule,Task churn (20% replaced),608,8,0.2,57.202595495875286,56.58413246436683,1.0942503574222429,4.788142284160857,14.625,56.20955047684225,8.548465728759766
change|6. + no noise after small changes|Task churn (20% replaced)|price0.2|seed608|K8|b20000-4000,6. + no noise after small changes,Task churn (20% replaced),608,8,0.2,56.98643742322922,56.58413246436683,0.7098823172703164,1.2129341446503719,2.0,56.20955047684225,7.291309356689453
change|5. + event-aware start|Task churn (20% replaced)|price0.2|seed608|K8|b20000-4000,5. + event-aware start,Task churn (20% replaced),608,8,0.2,57.055342558401655,56.58413246436683,0.8336642630578142,1.5266052131302852,2.75,56.20955047684225,8.616753101348877
change|1. restart after each change|Task churn (20% replaced)|price0.2|seed609|K8|b20000-4000,1. restart after each change,Task churn (20% replaced),609,8,0.2,43.85563011771082,42.895266081374565,2.2290478413561425,17.23819108340164,58.75,40.52731803722348,5.802567720413208
change|2. keeps its registers|Task churn (20% replaced)|price0.2|seed609|K8|b20000-4000,2. keeps its registers,Task churn (20% replaced),609,8,0.2,44.22458806694276,42.895266081374565,3.0883545184480865,4.920435845800754,7.125,40.52731803722348,5.6482415199279785
change|3. + swap move|Task churn (20% replaced)|price0.2|seed609|K8|b20000-4000,3. + swap move,Task churn (20% replaced),609,8,0.2,43.292533154615924,42.895266081374565,0.9274962560860883,5.751069483220098,19.125,40.1699769745331,8.733326435089111
change|4. + starts from the running schedule|Task churn (20% replaced)|price0.2|seed609|K8|b20000-4000,4. + starts from the running schedule,Task churn (20% replaced),609,8,0.2,43.46537808801268,42.895266081374565,1.3286448650116502,5.154589848670941,15.125,40.1699769745331,8.733328342437744
change|6. + no noise after small changes|Task churn (20% replaced)|price0.2|seed609|K8|b20000-4000,6. + no noise after small changes,Task churn (20% replaced),609,8,0.2,43.21132047345894,42.895266081374565,0.7386861365065175,1.242182873501199,2.0,40.1699769745331,7.364119529724121
change|5. + event-aware start|Task churn (20% replaced)|price0.2|seed609|K8|b20000-4000,5. + event-aware start,Task churn (20% replaced),609,8,0.2,43.33281164697061,42.895266081374565,1.0194547513364893,1.554460700918466,2.125,40.1699769745331,8.626463890075684
change|1. restart after each change|Task churn (20% replaced)|price0.2|seed610|K8|b20000-4000,1. restart after each change,Task churn (20% replaced),610,8,0.2,61.07868891905231,59.76749439781021,2.190055545229034,17.23445987478902,58.875,55.050461078992456,5.889554977416992
change|2. keeps its registers|Task churn (20% replaced)|price0.2|seed610|K8|b20000-4000,2. keeps its registers,Task churn (20% replaced),610,8,0.2,61.267970470477756,59.76749439781021,2.506057907764571,4.551369339628165,8.0,55.050461078992456,5.752326011657715
change|3. + swap move|Task churn (20% replaced)|price0.2|seed610|K8|b20000-4000,3. + swap move,Task churn (20% replaced),610,8,0.2,60.27962888112347,59.76749439781021,0.8490410110319517,6.201228469242209,21.25,54.18729616645222,8.834404468536377
change|4. + starts from the running schedule|Task churn (20% replaced)|price0.2|seed610|K8|b20000-4000,4. + starts from the running schedule,Task churn (20% replaced),610,8,0.2,60.34589990349194,59.76749439781021,0.9694903070171407,5.854882510013797,19.375,54.18729616645222,8.620394706726074
change|6. + no noise after small changes|Task churn (20% replaced)|price0.2|seed610|K8|b20000-4000,6. + no noise after small changes,Task churn (20% replaced),610,8,0.2,60.21772055970466,59.76749439781021,0.7533091388122656,1.2573057553538076,2.0,54.18729616645222,7.429383754730225
change|5. + event-aware start|Task churn (20% replaced)|price0.2|seed610|K8|b20000-4000,5. + event-aware start,Task churn (20% replaced),610,8,0.2,60.27149936589554,59.76749439781021,0.842942452253285,1.1263204726101155,1.125,54.18729616645222,8.796668291091919
change|1. restart after each change|VM speed drift|price0.2|seed601|K8|b20000-4000,1. restart after each change,VM speed drift,601,8,0.2,110.83391837029035,106.11806865891599,4.216407950059524,17.179578953206416,62.25,84.11476048871965,6.0012431144714355
change|2. keeps its registers|VM speed drift|price0.2|seed601|K8|b20000-4000,2. keeps its registers,VM speed drift,601,8,0.2,113.47627812547887,106.11806865891599,6.756323631879449,10.503415382506123,17.625,84.11476048871965,5.873196840286255
change|3. + swap move|VM speed drift|price0.2|seed601|K8|b20000-4000,3. + swap move,VM speed drift,601,8,0.2,106.74328015029496,106.11806865891599,0.5908658693457263,8.034332549489205,37.0,83.22338122843344,8.715930700302124
change|4. + starts from the running schedule|VM speed drift|price0.2|seed601|K8|b20000-4000,4. + starts from the running schedule,VM speed drift,601,8,0.2,107.14588989320933,106.11806865891599,0.935812469437791,8.428886981976449,37.125,83.22338122843344,8.900734186172485
change|6. + no noise after small changes|VM speed drift|price0.2|seed601|K8|b20000-4000,6. + no noise after small changes,VM speed drift,601,8,0.2,107.262503915711,106.11806865891599,0.9979649448145891,6.874975734849137,29.125,83.22338122843344,7.555299997329712
change|5. + event-aware start|VM speed drift|price0.2|seed601|K8|b20000-4000,5. + event-aware start,VM speed drift,601,8,0.2,107.14588989320933,106.11806865891599,0.935812469437791,8.428886981976449,37.125,83.22338122843344,8.740706443786621
change|1. restart after each change|VM speed drift|price0.2|seed602|K8|b20000-4000,1. restart after each change,VM speed drift,602,8,0.2,80.4120128810724,78.28974525185183,2.656577628594821,16.643733279008,68.125,68.29604940016281,5.967146158218384
change|2. keeps its registers|VM speed drift|price0.2|seed602|K8|b20000-4000,2. keeps its registers,VM speed drift,602,8,0.2,82.70686553164502,78.28974525185183,5.37189274676219,8.530083308880704,15.0,68.29604940016281,5.838062524795532
change|3. + swap move|VM speed drift|price0.2|seed602|K8|b20000-4000,3. + swap move,VM speed drift,602,8,0.2,78.85002505220288,78.28974525185183,0.7079999415185181,8.359101441640751,38.0,67.17240046296372,8.639821767807007
change|4. + starts from the running schedule|VM speed drift|price0.2|seed602|K8|b20000-4000,4. + starts from the running schedule,VM speed drift,602,8,0.2,79.56454353330432,78.28974525185183,1.5433307508458798,9.023041999347722,36.875,67.17240046296372,8.741624116897583
change|6. + no noise after small changes|VM speed drift|price0.2|seed602|K8|b20000-4000,6. + no noise after small changes,VM speed drift,602,8,0.2,79.33977246336768,78.28974525185183,1.2433412712399443,7.059085851930183,28.75,67.17240046296372,7.416363477706909
change|5. + event-aware start|VM speed drift|price0.2|seed602|K8|b20000-4000,5. + event-aware start,VM speed drift,602,8,0.2,79.56454353330432,78.28974525185183,1.5433307508458798,9.023041999347722,36.875,67.17240046296372,8.50242567062378
change|1. restart after each change|VM speed drift|price0.2|seed603|K8|b20000-4000,1. restart after each change,VM speed drift,603,8,0.2,36.81381853408531,35.16534648909085,4.889037262839147,19.349535108217932,69.125,42.03782772151984,5.890558481216431
change|2. keeps its registers|VM speed drift|price0.2|seed603|K8|b20000-4000,2. keeps its registers,VM speed drift,603,8,0.2,37.391762373455514,35.16534648909085,6.57900270992945,10.126586285502743,16.625,42.03782772151984,5.923380613327026
change|3. + swap move|VM speed drift|price0.2|seed603|K8|b20000-4000,3. + swap move,VM speed drift,603,8,0.2,35.476179337059406,35.16534648909085,0.8888624310941239,8.579861620562694,38.125,41.765569900655734,8.715532064437866
change|4. + starts from the running schedule|VM speed drift|price0.2|seed603|K8|b20000-4000,4. + starts from the running schedule,VM speed drift,603,8,0.2,35.53611796944819,35.16534648909085,1.0783455811985216,9.1897629276311,40.125,41.765569900655734,8.74025297164917
change|6. + no noise after small changes|VM speed drift|price0.2|seed603|K8|b20000-4000,6. + no noise after small changes,VM speed drift,603,8,0.2,35.68993728584873,35.16534648909085,1.4283916492809448,8.415042079921575,34.5,41.765569900655734,7.600400686264038
change|5. + event-aware start|VM speed drift|price0.2|seed603|K8|b20000-4000,5. + event-aware start,VM speed drift,603,8,0.2,35.53611796944819,35.16534648909085,1.0783455811985216,9.1897629276311,40.125,41.765569900655734,8.603117227554321
change|1. restart after each change|VM speed drift|price0.2|seed604|K8|b20000-4000,1. restart after each change,VM speed drift,604,8,0.2,57.699831608414236,51.61535969655485,13.449061072186849,25.132814706344874,52.625,56.329846597447144,5.7251081466674805
change|2. keeps its registers|VM speed drift|price0.2|seed604|K8|b20000-4000,2. keeps its registers,VM speed drift,604,8,0.2,54.175662459270704,51.61535969655485,5.110167658696534,8.59078404798422,16.5,56.329846597447144,5.760118246078491
change|3. + swap move|VM speed drift|price0.2|seed604|K8|b20000-4000,3. + swap move,VM speed drift,604,8,0.2,52.113726692801265,51.61535969655485,0.9848417800112086,8.354837892813132,36.5,55.30710830462359,8.625806093215942
change|4. + starts from the running schedule|VM speed drift|price0.2|seed604|K8|b20000-4000,4. + starts from the running schedule,VM speed drift,604,8,0.2,51.995608100503915,51.61535969655485,0.7222275166831087,7.922105137252684,35.75,55.30710830462359,8.583177089691162
change|6. + no noise after small changes|VM speed drift|price0.2|seed604|K8|b20000-4000,6. + no noise after small changes,VM speed drift,604,8,0.2,52.04444228007263,51.61535969655485,0.8504455486552556,7.352507685228435,32.25,55.30710830462359,7.519416332244873
change|5. + event-aware start|VM speed drift|price0.2|seed604|K8|b20000-4000,5. + event-aware start,VM speed drift,604,8,0.2,51.995608100503915,51.61535969655485,0.7222275166831087,7.922105137252684,35.75,55.30710830462359,8.742862939834595
change|1. restart after each change|VM speed drift|price0.2|seed605|K8|b20000-4000,1. restart after each change,VM speed drift,605,8,0.2,30.318884373759886,28.84268876460233,5.401404938573808,18.58580148691859,62.625,44.8336258737818,5.941493988037109
change|2. keeps its registers|VM speed drift|price0.2|seed605|K8|b20000-4000,2. keeps its registers,VM speed drift,605,8,0.2,30.256057364092012,28.84268876460233,5.186606121234439,8.938987295874249,17.875,44.8336258737818,5.836472988128662
change|3. + swap move|VM speed drift|price0.2|seed605|K8|b20000-4000,3. + swap move,VM speed drift,605,8,0.2,29.11611449936804,28.84268876460233,0.9035520608055743,8.142556568726485,35.875,44.19609771750957,8.568339824676514
change|4. + starts from the running schedule|VM speed drift|price0.2|seed605|K8|b20000-4000,4. + starts from the running schedule,VM speed drift,605,8,0.2,29.054809931437095,28.84268876460233,0.7059701689224519,8.508005025249519,38.75,44.19609771750957,8.78318190574646
change|6. + no noise after small changes|VM speed drift|price0.2|seed605|K8|b20000-4000,6. + no noise after small changes,VM speed drift,605,8,0.2,29.01094795523623,28.84268876460233,0.5922677927258957,6.875057892160698,31.25,44.19609771750957,7.517965793609619
change|5. + event-aware start|VM speed drift|price0.2|seed605|K8|b20000-4000,5. + event-aware start,VM speed drift,605,8,0.2,29.054809931437095,28.84268876460233,0.7059701689224519,8.508005025249519,38.75,44.19609771750957,8.706642150878906
change|1. restart after each change|VM speed drift|price0.2|seed606|K8|b20000-4000,1. restart after each change,VM speed drift,606,8,0.2,57.39939562229125,54.583509089599275,4.979885569753863,18.646289396803756,65.125,40.62877804165534,5.809185028076172
change|2. keeps its registers|VM speed drift|price0.2|seed606|K8|b20000-4000,2. keeps its registers,VM speed drift,606,8,0.2,58.07528985289444,54.583509089599275,6.925955963365049,10.797256945802117,18.25,40.62877804165534,5.8527421951293945
change|3. + swap move|VM speed drift|price0.2|seed606|K8|b20000-4000,3. + swap move,VM speed drift,606,8,0.2,55.0911997478417,54.583509089599275,0.9451983595475688,9.925051775347331,44.5,40.05417610400422,8.976920127868652
change|4. + starts from the running schedule|VM speed drift|price0.2|seed606|K8|b20000-4000,4. + starts from the running schedule,VM speed drift,606,8,0.2,55.10773591467109,54.583509089599275,0.9473032245275335,9.680297994462933,43.25,40.05417610400422,8.991377115249634
change|6. + no noise after small changes|VM speed drift|price0.2|seed606|K8|b20000-4000,6. + no noise after small changes,VM speed drift,606,8,0.2,55.603187373329725,54.583509089599275,1.8367962401873237,9.523596165779308,37.75,40.05417610400422,7.545795440673828
change|5. + event-aware start|VM speed drift|price0.2|seed606|K8|b20000-4000,5. + event-aware start,VM speed drift,606,8,0.2,55.10773591467109,54.583509089599275,0.9473032245275335,9.680297994462933,43.25,40.05417610400422,9.08577299118042
change|1. restart after each change|VM speed drift|price0.2|seed607|K8|b20000-4000,1. restart after each change,VM speed drift,607,8,0.2,55.141196036625885,53.95967688861491,2.2054684558393496,16.512550305233457,70.0,50.702679388955985,5.7717180252075195
change|2. keeps its registers|VM speed drift|price0.2|seed607|K8|b20000-4000,2. keeps its registers,VM speed drift,607,8,0.2,55.94234318325424,53.95967688861491,3.660369061485428,6.879012528475584,15.625,50.702679388955985,5.891853094100952
change|3. + swap move|VM speed drift|price0.2|seed607|K8|b20000-4000,3. + swap move,VM speed drift,607,8,0.2,54.44025733079347,53.95967688861491,0.8981050584662954,7.909245977194593,34.75,49.894031890873144,8.608765840530396
change|4. + starts from the running schedule|VM speed drift|price0.2|seed607|K8|b20000-4000,4. + starts from the running schedule,VM speed drift,607,8,0.2,54.38007882678323,53.95967688861491,0.7833795137132751,8.16835339766309,36.625,49.894031890873144,8.600715637207031
change|5. + event-aware start|VM speed drift|price0.2|seed607|K8|b20000-4000,5. + event-aware start,VM speed drift,607,8,0.2,54.38007882678323,53.95967688861491,0.7833795137132751,8.16835339766309,36.625,49.894031890873144,8.44830846786499
change|6. + no noise after small changes|VM speed drift|price0.2|seed607|K8|b20000-4000,6. + no noise after small changes,VM speed drift,607,8,0.2,54.237321944535466,53.95967688861491,0.5184835841531698,6.572698238026496,30.125,49.894031890873144,7.4196836948394775
change|1. restart after each change|VM speed drift|price0.2|seed608|K8|b20000-4000,1. restart after each change,VM speed drift,608,8,0.2,48.27939379598348,46.80451124977671,3.0940431089447746,16.439877285595955,64.75,57.08643266256377,5.601751089096069
change|2. keeps its registers|VM speed drift|price0.2|seed608|K8|b20000-4000,2. keeps its registers,VM speed drift,608,8,0.2,48.844377860365086,46.80451124977671,4.231462752178226,7.493699046643121,15.75,57.08643266256377,6.09087872505188
change|3. + swap move|VM speed drift|price0.2|seed608|K8|b20000-4000,3. + swap move,VM speed drift,608,8,0.2,47.164931751309624,46.80451124977671,0.7574425025611399,8.139764253775514,36.625,56.20955047684225,8.731172800064087
change|4. + starts from the running schedule|VM speed drift|price0.2|seed608|K8|b20000-4000,4. + starts from the running schedule,VM speed drift,608,8,0.2,47.24590974305446,46.80451124977671,0.9371731988446214,7.2186192310602335,31.125,56.20955047684225,8.61010456085205
change|6. + no noise after small changes|VM speed drift|price0.2|seed608|K8|b20000-4000,6. + no noise after small changes,VM speed drift,608,8,0.2,47.3484951772582,46.80451124977671,1.2243900119150706,7.523721746346023,31.125,56.20955047684225,7.332296848297119
change|5. + event-aware start|VM speed drift|price0.2|seed608|K8|b20000-4000,5. + event-aware start,VM speed drift,608,8,0.2,47.24590974305446,46.80451124977671,0.9371731988446214,7.2186192310602335,31.125,56.20955047684225,8.565529346466064
change|1. restart after each change|VM speed drift|price0.2|seed609|K8|b20000-4000,1. restart after each change,VM speed drift,609,8,0.2,31.819829232200476,27.833894982579086,17.67803632733488,31.159602000277335,58.0,40.52731803722348,5.714165925979614
change|2. keeps its registers|VM speed drift|price0.2|seed609|K8|b20000-4000,2. keeps its registers,VM speed drift,609,8,0.2,29.889042547517583,27.833894982579086,8.196940332818045,11.862855164771533,17.125,40.52731803722348,5.759222030639648
change|4. + starts from the running schedule|VM speed drift|price0.2|seed609|K8|b20000-4000,4. + starts from the running schedule,VM speed drift,609,8,0.2,28.015045275039885,27.833894982579086,0.6502088527507979,8.977120544487086,41.375,40.1699769745331,8.328641176223755
change|3. + swap move|VM speed drift|price0.2|seed609|K8|b20000-4000,3. + swap move,VM speed drift,609,8,0.2,27.97421835609022,27.833894982579086,0.5187979706727442,8.886761714635256,41.625,40.1699769745331,8.481046199798584
change|6. + no noise after small changes|VM speed drift|price0.2|seed609|K8|b20000-4000,6. + no noise after small changes,VM speed drift,609,8,0.2,27.980994216736278,27.833894982579086,0.5515137418204563,7.135424434235002,32.75,40.1699769745331,7.49854588508606
change|5. + event-aware start|VM speed drift|price0.2|seed609|K8|b20000-4000,5. + event-aware start,VM speed drift,609,8,0.2,28.015045275039885,27.833894982579086,0.6502088527507979,8.977120544487086,41.375,40.1699769745331,8.793832063674927
change|1. restart after each change|VM speed drift|price0.2|seed610|K8|b20000-4000,1. restart after each change,VM speed drift,610,8,0.2,38.887139038598576,36.84410113470571,5.9156923590993085,18.584272133684138,59.875,55.050461078992456,5.813714504241943
change|2. keeps its registers|VM speed drift|price0.2|seed610|K8|b20000-4000,2. keeps its registers,VM speed drift,610,8,0.2,38.757104790240675,36.84410113470571,5.367998445301694,9.552304581497427,19.875,55.050461078992456,5.878191232681274
change|3. + swap move|VM speed drift|price0.2|seed610|K8|b20000-4000,3. + swap move,VM speed drift,610,8,0.2,37.15106372741468,36.84410113470571,0.8260070732346789,8.61228404575834,38.625,54.18729616645222,8.485597133636475
change|6. + no noise after small changes|VM speed drift|price0.2|seed610|K8|b20000-4000,6. + no noise after small changes,VM speed drift,610,8,0.2,37.05356718811624,36.84410113470571,0.5538868177582873,7.917702009493651,36.625,54.18729616645222,7.446917295455933
change|4. + starts from the running schedule|VM speed drift|price0.2|seed610|K8|b20000-4000,4. + starts from the running schedule,VM speed drift,610,8,0.2,37.099552496933576,36.84410113470571,0.7125296345753989,8.642666425203469,39.375,54.18729616645222,8.93661379814148
change|5. + event-aware start|VM speed drift|price0.2|seed610|K8|b20000-4000,5. + event-aware start,VM speed drift,610,8,0.2,37.099552496933576,36.84410113470571,0.7125296345753989,8.642666425203469,39.375,54.18729616645222,8.61269235610962
change|1. restart after each change|VM failure|price0.2|seed601|K8|b20000-4000,1. restart after each change,VM failure,601,8,0.2,166.01104165778955,165.36575943261116,0.5547786924375094,11.593411687484743,47.125,84.11476048871965,5.637923240661621
change|2. keeps its registers|VM failure|price0.2|seed601|K8|b20000-4000,2. keeps its registers,VM failure,601,8,0.2,166.627728206684,165.36575943261116,1.0719513866159984,1.8295205336931,3.125,84.11476048871965,5.238224029541016
change|3. + swap move|VM failure|price0.2|seed601|K8|b20000-4000,3. + swap move,VM failure,601,8,0.2,165.8395892706977,165.36575943261116,0.4229633688680132,2.4090726382224483,8.625,83.22338122843344,8.14870309829712
change|4. + starts from the running schedule|VM failure|price0.2|seed601|K8|b20000-4000,4. + starts from the running schedule,VM failure,601,8,0.2,165.74201203131986,165.36575943261116,0.339601334479932,0.6617900548319257,1.5,83.22338122843344,8.448703527450562
change|6. + no noise after small changes|VM failure|price0.2|seed601|K8|b20000-4000,6. + no noise after small changes,VM failure,601,8,0.2,165.83399491157274,165.36575943261116,0.40934754747672414,0.7916548488928282,1.75,83.22338122843344,7.332308053970337
change|5. + event-aware start|VM failure|price0.2|seed601|K8|b20000-4000,5. + event-aware start,VM failure,601,8,0.2,165.74201203131986,165.36575943261116,0.339601334479932,0.6617900548319257,1.5,83.22338122843344,8.311131477355957
change|1. restart after each change|VM failure|price0.2|seed602|K8|b20000-4000,1. restart after each change,VM failure,602,8,0.2,133.77001575557327,132.85842688876846,1.091816403630999,12.403145878484542,48.0,68.29604940016281,5.658559560775757
change|2. keeps its registers|VM failure|price0.2|seed602|K8|b20000-4000,2. keeps its registers,VM failure,602,8,0.2,133.64761760295994,132.85842688876846,0.846898942590089,1.465555063792903,2.625,68.29604940016281,5.438442945480347
change|3. + swap move|VM failure|price0.2|seed602|K8|b20000-4000,3. + swap move,VM failure,602,8,0.2,133.26759618713197,132.85842688876846,0.4528318494474078,2.7301464773723603,9.5,67.17240046296372,8.259788513183594
change|4. + starts from the running schedule|VM failure|price0.2|seed602|K8|b20000-4000,4. + starts from the running schedule,VM failure,602,8,0.2,133.30517732658916,132.85842688876846,0.5224952412406597,0.9383994234364168,1.875,67.17240046296372,8.248425960540771
change|6. + no noise after small changes|VM failure|price0.2|seed602|K8|b20000-4000,6. + no noise after small changes,VM failure,602,8,0.2,133.0859165010378,132.85842688876846,0.26182468281175375,0.7585964026082586,2.25,67.17240046296372,7.365104675292969
change|5. + event-aware start|VM failure|price0.2|seed602|K8|b20000-4000,5. + event-aware start,VM failure,602,8,0.2,133.30517732658916,132.85842688876846,0.5224952412406597,0.9383994234364168,1.875,67.17240046296372,8.234161853790283
change|1. restart after each change|VM failure|price0.2|seed603|K8|b20000-4000,1. restart after each change,VM failure,603,8,0.2,159.15230728561963,158.32147791783504,0.8790963402286087,12.008842102598567,43.75,42.03782772151984,5.340895652770996
change|2. keeps its registers|VM failure|price0.2|seed603|K8|b20000-4000,2. keeps its registers,VM failure,603,8,0.2,159.01609900801964,158.32147791783504,0.7971430921422529,2.105427290945733,5.0,42.03782772151984,5.297250986099243
change|3. + swap move|VM failure|price0.2|seed603|K8|b20000-4000,3. + swap move,VM failure,603,8,0.2,158.60412559118004,158.32147791783504,0.3122286190152357,3.1046400098683757,11.25,41.765569900655734,8.159454822540283
change|4. + starts from the running schedule|VM failure|price0.2|seed603|K8|b20000-4000,4. + starts from the running schedule,VM failure,603,8,0.2,158.7207556694877,158.32147791783504,0.5211150207165597,0.5505507177579005,0.125,41.765569900655734,8.255992889404297
change|6. + no noise after small changes|VM failure|price0.2|seed603|K8|b20000-4000,6. + no noise after small changes,VM failure,603,8,0.2,158.59377764073005,158.32147791783504,0.3309780862982954,0.4786399446445333,0.625,41.765569900655734,7.150072813034058
change|5. + event-aware start|VM failure|price0.2|seed603|K8|b20000-4000,5. + event-aware start,VM failure,603,8,0.2,158.7207556694877,158.32147791783504,0.5211150207165597,0.5505507177579005,0.125,41.765569900655734,8.454428672790527
change|1. restart after each change|VM failure|price0.2|seed604|K8|b20000-4000,1. restart after each change,VM failure,604,8,0.2,126.52417476892349,125.95698879997418,0.6853096552052148,9.889708651438173,39.125,56.329846597447144,5.179816484451294
change|2. keeps its registers|VM failure|price0.2|seed604|K8|b20000-4000,2. keeps its registers,VM failure,604,8,0.2,126.57219773680909,125.95698879997418,0.7067633860682719,1.6270301665265754,3.625,56.329846597447144,5.555814504623413
change|3. + swap move|VM failure|price0.2|seed604|K8|b20000-4000,3. + swap move,VM failure,604,8,0.2,126.21929368381115,125.95698879997418,0.32609398278356244,2.5901443447177335,9.75,55.30710830462359,8.139789581298828
change|4. + starts from the running schedule|VM failure|price0.2|seed604|K8|b20000-4000,4. + starts from the running schedule,VM failure,604,8,0.2,126.44917052336072,125.95698879997418,0.5324069199887442,0.8240224853334113,1.375,55.30710830462359,8.381972551345825
change|6. + no noise after small changes|VM failure|price0.2|seed604|K8|b20000-4000,6. + no noise after small changes,VM failure,604,8,0.2,126.25184506713248,125.95698879997418,0.34435134663261824,0.8160599309180928,2.125,55.30710830462359,7.218383550643921
change|5. + event-aware start|VM failure|price0.2|seed604|K8|b20000-4000,5. + event-aware start,VM failure,604,8,0.2,126.44917052336072,125.95698879997418,0.5324069199887442,0.8240224853334113,1.375,55.30710830462359,8.27305793762207
change|1. restart after each change|VM failure|price0.2|seed605|K8|b20000-4000,1. restart after each change,VM failure,605,8,0.2,77.61216724419336,77.27270231023792,0.60237847237758,13.110060233762091,54.75,44.8336258737818,5.553844213485718
change|2. keeps its registers|VM failure|price0.2|seed605|K8|b20000-4000,2. keeps its registers,VM failure,605,8,0.2,77.71199658077326,77.27270231023792,0.768211986896186,1.310276518058028,2.375,44.8336258737818,5.401588201522827
change|3. + swap move|VM failure|price0.2|seed605|K8|b20000-4000,3. + swap move,VM failure,605,8,0.2,77.460546962402,77.27270231023792,0.3457462499160259,2.172283284152216,8.0,44.19609771750957,8.632585287094116
change|4. + starts from the running schedule|VM failure|price0.2|seed605|K8|b20000-4000,4. + starts from the running schedule,VM failure,605,8,0.2,77.44018175901665,77.27270231023792,0.2924160149356021,0.9369740328125767,3.0,44.19609771750957,8.81550145149231
change|6. + no noise after small changes|VM failure|price0.2|seed605|K8|b20000-4000,6. + no noise after small changes,VM failure,605,8,0.2,77.5233640963162,77.27270231023792,0.44228814459943516,0.9420063916374675,2.375,44.19609771750957,7.4471821784973145
change|5. + event-aware start|VM failure|price0.2|seed605|K8|b20000-4000,5. + event-aware start,VM failure,605,8,0.2,77.44018175901665,77.27270231023792,0.2924160149356021,0.9369740328125767,3.0,44.19609771750957,8.815935611724854
change|1. restart after each change|VM failure|price0.2|seed606|K8|b20000-4000,1. restart after each change,VM failure,606,8,0.2,85.22966317078357,84.8410762249948,0.6806843124343455,13.086754727065115,52.25,40.62877804165534,5.922025918960571
change|2. keeps its registers|VM failure|price0.2|seed606|K8|b20000-4000,2. keeps its registers,VM failure,606,8,0.2,85.19633114737817,84.8410762249948,0.603916941896748,1.3300758430128072,3.125,40.62877804165534,5.697134256362915
change|3. + swap move|VM failure|price0.2|seed606|K8|b20000-4000,3. + swap move,VM failure,606,8,0.2,85.03342867911755,84.8410762249948,0.33881813717758286,2.3885109611713013,8.875,40.05417610400422,8.397408485412598
change|4. + starts from the running schedule|VM failure|price0.2|seed606|K8|b20000-4000,4. + starts from the running schedule,VM failure,606,8,0.2,85.00351792679524,84.8410762249948,0.28080372805876985,0.603160455973342,1.5,40.05417610400422,8.91591215133667
change|6. + no noise after small changes|VM failure|price0.2|seed606|K8|b20000-4000,6. + no noise after small changes,VM failure,606,8,0.2,84.99205879559322,84.8410762249948,0.2958459871861188,0.45759876511819625,0.75,40.05417610400422,7.259191274642944
change|5. + event-aware start|VM failure|price0.2|seed606|K8|b20000-4000,5. + event-aware start,VM failure,606,8,0.2,85.00351792679524,84.8410762249948,0.28080372805876985,0.603160455973342,1.5,40.05417610400422,8.3972008228302
change|1. restart after each change|VM failure|price0.2|seed607|K8|b20000-4000,1. restart after each change,VM failure,607,8,0.2,100.48897826902987,99.86188621450705,0.8516900742105222,12.565312373196146,50.375,50.702679388955985,5.785288572311401
change|2. keeps its registers|VM failure|price0.2|seed607|K8|b20000-4000,2. keeps its registers,VM failure,607,8,0.2,100.48324694486763,99.86188621450705,0.9349824492678934,1.5084464819731331,2.375,50.702679388955985,5.525829792022705
change|3. + swap move|VM failure|price0.2|seed607|K8|b20000-4000,3. + swap move,VM failure,607,8,0.2,100.09388871421609,99.86188621450705,0.3218752078191081,2.5150717956855835,9.625,49.894031890873144,8.229061126708984
change|4. + starts from the running schedule|VM failure|price0.2|seed607|K8|b20000-4000,4. + starts from the running schedule,VM failure,607,8,0.2,100.09290675945721,99.86188621450705,0.3231729008504189,0.5231751850987202,0.875,49.894031890873144,8.41272783279419
change|6. + no noise after small changes|VM failure|price0.2|seed607|K8|b20000-4000,6. + no noise after small changes,VM failure,607,8,0.2,100.09929356529415,99.86188621450705,0.33896167832145385,0.5048066358007348,0.75,49.894031890873144,7.095780372619629
change|5. + event-aware start|VM failure|price0.2|seed607|K8|b20000-4000,5. + event-aware start,VM failure,607,8,0.2,100.09290675945721,99.86188621450705,0.3231729008504189,0.5231751850987202,0.875,49.894031890873144,8.680237054824829
change|1. restart after each change|VM failure|price0.2|seed608|K8|b20000-4000,1. restart after each change,VM failure,608,8,0.2,130.69758600734372,130.03040647898078,0.7067364806075008,12.364760643129236,49.75,57.08643266256377,5.414499044418335
change|2. keeps its registers|VM failure|price0.2|seed608|K8|b20000-4000,2. keeps its registers,VM failure,608,8,0.2,130.76413445448054,130.03040647898078,0.8498072202646306,1.8270152455386837,4.0,57.08643266256377,5.462587594985962
change|3. + swap move|VM failure|price0.2|seed608|K8|b20000-4000,3. + swap move,VM failure,608,8,0.2,130.28809420862123,130.03040647898078,0.26716665487441216,2.6777655573578203,10.125,56.20955047684225,8.12928581237793
change|4. + starts from the running schedule|VM failure|price0.2|seed608|K8|b20000-4000,4. + starts from the running schedule,VM failure,608,8,0.2,130.3977147820738,130.03040647898078,0.4422261839046827,0.7539134415978452,1.375,56.20955047684225,8.23032259941101
change|6. + no noise after small changes|VM failure|price0.2|seed608|K8|b20000-4000,6. + no noise after small changes,VM failure,608,8,0.2,130.3500406080937,130.03040647898078,0.3733746351556485,0.7813582597077408,1.875,56.20955047684225,7.008720636367798
change|5. + event-aware start|VM failure|price0.2|seed608|K8|b20000-4000,5. + event-aware start,VM failure,608,8,0.2,130.3977147820738,130.03040647898078,0.4422261839046827,0.7539134415978452,1.375,56.20955047684225,8.5303475856781
change|1. restart after each change|VM failure|price0.2|seed609|K8|b20000-4000,1. restart after each change,VM failure,609,8,0.2,128.22509364012373,127.77776743876963,0.5557231070354065,12.992227530180578,50.0,40.52731803722348,5.4020161628723145
change|2. keeps its registers|VM failure|price0.2|seed609|K8|b20000-4000,2. keeps its registers,VM failure,609,8,0.2,128.4581105503348,127.77776743876963,1.1195498067743976,1.741781711271407,2.5,40.52731803722348,5.455341577529907
change|3. + swap move|VM failure|price0.2|seed609|K8|b20000-4000,3. + swap move,VM failure,609,8,0.2,128.00022824597562,127.77776743876963,0.3353171602158708,2.623331676959695,9.5,40.1699769745331,8.267885446548462
change|4. + starts from the running schedule|VM failure|price0.2|seed609|K8|b20000-4000,4. + starts from the running schedule,VM failure,609,8,0.2,128.03860037940586,127.77776743876963,0.3973377516187984,0.6537594204129675,1.125,40.1699769745331,8.370275259017944
change|5. + event-aware start|VM failure|price0.2|seed609|K8|b20000-4000,5. + event-aware start,VM failure,609,8,0.2,128.03860037940586,127.77776743876963,0.3973377516187984,0.6537594204129675,1.125,40.1699769745331,8.31037449836731
change|6. + no noise after small changes|VM failure|price0.2|seed609|K8|b20000-4000,6. + no noise after small changes,VM failure,609,8,0.2,128.01342611412352,127.77776743876963,0.37305887070514815,0.6097157462164418,1.0,40.1699769745331,7.229388475418091
change|1. restart after each change|VM failure|price0.2|seed610|K8|b20000-4000,1. restart after each change,VM failure,610,8,0.2,121.80044933136983,121.17883350862218,0.7435837434548127,12.460789976575937,49.5,55.050461078992456,5.338179111480713
change|2. keeps its registers|VM failure|price0.2|seed610|K8|b20000-4000,2. keeps its registers,VM failure,610,8,0.2,121.92326297908744,121.17883350862218,0.9007986145540381,2.083748478436437,4.875,55.050461078992456,5.455926179885864
change|3. + swap move|VM failure|price0.2|seed610|K8|b20000-4000,3. + swap move,VM failure,610,8,0.2,121.52590931176493,121.17883350862218,0.4102084355754831,2.8095598491262983,10.125,54.18729616645222,8.445770502090454
change|4. + starts from the running schedule|VM failure|price0.2|seed610|K8|b20000-4000,4. + starts from the running schedule,VM failure,610,8,0.2,121.44656197228291,121.17883350862218,0.3139762896928727,0.46232611003547697,0.625,54.18729616645222,8.350449800491333
change|6. + no noise after small changes|VM failure|price0.2|seed610|K8|b20000-4000,6. + no noise after small changes,VM failure,610,8,0.2,121.37994139660051,121.17883350862218,0.23446128707860217,0.43982816298453464,0.875,54.18729616645222,7.403135061264038
change|5. + event-aware start|VM failure|price0.2|seed610|K8|b20000-4000,5. + event-aware start,VM failure,610,8,0.2,121.44656197228291,121.17883350862218,0.3139762896928727,0.46232611003547697,0.625,54.18729616645222,8.317014455795288
change|1. restart after each change|VM added|price0.2|seed601|K8|b20000-4000,1. restart after each change,VM added,601,8,0.2,60.139072808429596,56.47810010103862,6.932438362006979,21.969068851901195,70.25,84.11476048871965,6.104405164718628
change|2. keeps its registers|VM added|price0.2|seed601|K8|b20000-4000,2. keeps its registers,VM added,601,8,0.2,66.74610515444556,56.47810010103862,19.65460019582825,21.165717452668716,6.375,84.11476048871965,6.131084680557251
change|3. + swap move|VM added|price0.2|seed601|K8|b20000-4000,3. + swap move,VM added,601,8,0.2,58.673528691952065,56.47810010103862,4.23521692383682,8.379474470371658,20.125,83.22338122843344,9.285309314727783
change|4. + starts from the running schedule|VM added|price0.2|seed601|K8|b20000-4000,4. + starts from the running schedule,VM added,601,8,0.2,62.333328165892866,56.47810010103862,10.423521408679465,13.134232478213889,12.625,83.22338122843344,8.937097787857056
change|5. + event-aware start|VM added|price0.2|seed601|K8|b20000-4000,5. + event-aware start,VM added,601,8,0.2,58.673528691952065,56.47810010103862,4.23521692383682,8.379474470371658,20.125,83.22338122843344,8.775897741317749
change|6. + no noise after small changes|VM added|price0.2|seed601|K8|b20000-4000,6. + no noise after small changes,VM added,601,8,0.2,58.673528691952065,56.47810010103862,4.23521692383682,8.379474470371658,20.125,83.22338122843344,8.99017596244812
change|1. restart after each change|VM added|price0.2|seed602|K8|b20000-4000,1. restart after each change,VM added,602,8,0.2,44.99427688987817,42.393998116277146,6.696774834147265,21.8631746034499,71.125,68.29604940016281,6.001304864883423
change|2. keeps its registers|VM added|price0.2|seed602|K8|b20000-4000,2. keeps its registers,VM added,602,8,0.2,51.07605258457563,42.393998116277146,22.286406973962787,24.27117624740591,8.375,68.29604940016281,6.068023443222046
change|3. + swap move|VM added|price0.2|seed602|K8|b20000-4000,3. + swap move,VM added,602,8,0.2,46.13594874930788,42.393998116277146,9.426990525286511,14.79126330340607,25.25,67.17240046296372,9.19696831703186
change|4. + starts from the running schedule|VM added|price0.2|seed602|K8|b20000-4000,4. + starts from the running schedule,VM added,602,8,0.2,50.90618059844474,42.393998116277146,20.38514526268172,24.237372965354133,17.0,67.17240046296372,9.089860439300537
change|6. + no noise after small changes|VM added|price0.2|seed602|K8|b20000-4000,6. + no noise after small changes,VM added,602,8,0.2,46.13594874930788,42.393998116277146,9.426990525286511,14.79126330340607,25.25,67.17240046296372,9.09598994255066
change|5. + event-aware start|VM added|price0.2|seed602|K8|b20000-4000,5. + event-aware start,VM added,602,8,0.2,46.13594874930788,42.393998116277146,9.426990525286511,14.79126330340607,25.25,67.17240046296372,9.250202417373657
change|1. restart after each change|VM added|price0.2|seed603|K8|b20000-4000,1. restart after each change,VM added,603,8,0.2,32.76286412929922,30.865871426369697,6.42355751698171,21.866750408975527,72.625,42.03782772151984,5.985497236251831
change|2. keeps its registers|VM added|price0.2|seed603|K8|b20000-4000,2. keeps its registers,VM added,603,8,0.2,38.14847793978896,30.865871426369697,23.8405506647138,25.130422093220595,5.375,42.03782772151984,6.00306248664856
change|4. + starts from the running schedule|VM added|price0.2|seed603|K8|b20000-4000,4. + starts from the running schedule,VM added,603,8,0.2,35.565405798997105,30.865871426369697,16.216612947040893,18.455158280424698,10.375,41.765569900655734,9.02203106880188
change|3. + swap move|VM added|price0.2|seed603|K8|b20000-4000,3. + swap move,VM added,603,8,0.2,32.12116185250117,30.865871426369697,4.183596989800756,8.34456347036679,20.25,41.765569900655734,9.171309232711792
change|5. + event-aware start|VM added|price0.2|seed603|K8|b20000-4000,5. + event-aware start,VM added,603,8,0.2,32.12116185250117,30.865871426369697,4.183596989800756,8.34456347036679,20.25,41.765569900655734,9.08455204963684
change|6. + no noise after small changes|VM added|price0.2|seed603|K8|b20000-4000,6. + no noise after small changes,VM added,603,8,0.2,32.12116185250117,30.865871426369697,4.183596989800756,8.34456347036679,20.25,41.765569900655734,9.479325294494629
change|2. keeps its registers|VM added|price0.2|seed604|K8|b20000-4000,2. keeps its registers,VM added,604,8,0.2,41.082487808899586,35.36871086573931,17.718604194742266,19.674250941882303,8.75,56.329846597447144,6.1678125858306885
change|1. restart after each change|VM added|price0.2|seed604|K8|b20000-4000,1. restart after each change,VM added,604,8,0.2,37.81017682617235,35.36871086573931,7.211171311505509,21.398323752565577,66.25,56.329846597447144,6.303157091140747
change|3. + swap move|VM added|price0.2|seed604|K8|b20000-4000,3. + swap move,VM added,604,8,0.2,38.59278639819109,35.36871086573931,8.555976272714133,13.60527673628676,23.625,55.30710830462359,8.87496280670166
change|4. + starts from the running schedule|VM added|price0.2|seed604|K8|b20000-4000,4. + starts from the running schedule,VM added,604,8,0.2,43.41851356882057,35.36871086573931,22.926896574059846,24.69883779440675,8.625,55.30710830462359,9.220711708068848
change|5. + event-aware start|VM added|price0.2|seed604|K8|b20000-4000,5. + event-aware start,VM added,604,8,0.2,38.59278639819109,35.36871086573931,8.555976272714133,13.60527673628676,23.625,55.30710830462359,9.223697662353516
change|6. + no noise after small changes|VM added|price0.2|seed604|K8|b20000-4000,6. + no noise after small changes,VM added,604,8,0.2,38.59278639819109,35.36871086573931,8.555976272714133,13.60527673628676,23.625,55.30710830462359,9.3509042263031
change|1. restart after each change|VM added|price0.2|seed605|K8|b20000-4000,1. restart after each change,VM added,605,8,0.2,33.41537548016366,31.533163453115606,6.2320088453846605,21.425998397784678,71.625,44.8336258737818,6.281450986862183
change|2. keeps its registers|VM added|price0.2|seed605|K8|b20000-4000,2. keeps its registers,VM added,605,8,0.2,34.551491474277945,31.533163453115606,10.158840414740467,11.325281860225694,5.5,44.8336258737818,6.136883974075317
change|3. + swap move|VM added|price0.2|seed605|K8|b20000-4000,3. + swap move,VM added,605,8,0.2,33.37867302949312,31.533163453115606,5.879438094367397,10.1481731831688,20.625,44.19609771750957,9.19136381149292
change|4. + starts from the running schedule|VM added|price0.2|seed605|K8|b20000-4000,4. + starts from the running schedule,VM added,605,8,0.2,36.90609977428534,31.533163453115606,18.24084213164244,19.24678870640207,5.0,44.19609771750957,9.440881729125977
change|5. + event-aware start|VM added|price0.2|seed605|K8|b20000-4000,5. + event-aware start,VM added,605,8,0.2,33.37867302949312,31.533163453115606,5.879438094367397,10.1481731831688,20.625,44.19609771750957,9.017818927764893
change|6. + no noise after small changes|VM added|price0.2|seed605|K8|b20000-4000,6. + no noise after small changes,VM added,605,8,0.2,33.37867302949312,31.533163453115606,5.879438094367397,10.1481731831688,20.625,44.19609771750957,8.980181217193604
change|1. restart after each change|VM added|price0.2|seed606|K8|b20000-4000,1. restart after each change,VM added,606,8,0.2,33.36012329830701,31.910635637437164,4.772833401717342,21.163140112342216,78.25,40.62877804165534,6.217465400695801
change|2. keeps its registers|VM added|price0.2|seed606|K8|b20000-4000,2. keeps its registers,VM added,606,8,0.2,35.51639788850461,31.910635637437164,11.404823118990208,12.6895637446788,5.875,40.62877804165534,6.411244630813599
change|3. + swap move|VM added|price0.2|seed606|K8|b20000-4000,3. + swap move,VM added,606,8,0.2,33.35284676524227,31.910635637437164,4.667503167024668,9.092158243262617,21.625,40.05417610400422,9.335339069366455
change|4. + starts from the running schedule|VM added|price0.2|seed606|K8|b20000-4000,4. + starts from the running schedule,VM added,606,8,0.2,40.05417610400422,31.910635637437164,26.721508112374607,26.721508112374607,0.0,40.05417610400422,9.095303297042847
change|5. + event-aware start|VM added|price0.2|seed606|K8|b20000-4000,5. + event-aware start,VM added,606,8,0.2,33.35284676524227,31.910635637437164,4.667503167024668,9.092158243262617,21.625,40.05417610400422,9.253952026367188
change|6. + no noise after small changes|VM added|price0.2|seed606|K8|b20000-4000,6. + no noise after small changes,VM added,606,8,0.2,33.35284676524227,31.910635637437164,4.667503167024668,9.092158243262617,21.625,40.05417610400422,8.979831218719482
change|1. restart after each change|VM added|price0.2|seed607|K8|b20000-4000,1. restart after each change,VM added,607,8,0.2,37.864635019781474,35.72604037614713,6.529065072093345,22.139658820209533,73.25,50.702679388955985,5.951364278793335
change|2. keeps its registers|VM added|price0.2|seed607|K8|b20000-4000,2. keeps its registers,VM added,607,8,0.2,40.22715692123718,35.72604037614713,13.724996041506623,15.456518001927927,7.625,50.702679388955985,6.197661876678467
change|3. + swap move|VM added|price0.2|seed607|K8|b20000-4000,3. + swap move,VM added,607,8,0.2,38.92635860833231,35.72604037614713,9.763878900073358,14.69473079469476,23.25,49.894031890873144,9.115705966949463
change|4. + starts from the running schedule|VM added|price0.2|seed607|K8|b20000-4000,4. + starts from the running schedule,VM added,607,8,0.2,49.894031890873144,35.72604037614713,45.19631546842909,45.19631546842909,0.0,49.894031890873144,8.89137077331543
change|5. + event-aware start|VM added|price0.2|seed607|K8|b20000-4000,5. + event-aware start,VM added,607,8,0.2,38.92635860833231,35.72604037614713,9.763878900073358,14.69473079469476,23.25,49.894031890873144,8.988956451416016
change|6. + no noise after small changes|VM added|price0.2|seed607|K8|b20000-4000,6. + no noise after small changes,VM added,607,8,0.2,38.92635860833231,35.72604037614713,9.763878900073358,14.69473079469476,23.25,49.894031890873144,8.945469617843628
change|2. keeps its registers|VM added|price0.2|seed608|K8|b20000-4000,2. keeps its registers,VM added,608,8,0.2,48.09396610670835,41.34142010204581,19.154802897723126,20.35000940649858,5.375,57.08643266256377,5.93018913269043
change|1. restart after each change|VM added|price0.2|seed608|K8|b20000-4000,1. restart after each change,VM added,608,8,0.2,43.78796693374761,41.34142010204581,6.474019559073843,21.540733458008106,70.75,57.08643266256377,6.112255334854126
change|3. + swap move|VM added|price0.2|seed608|K8|b20000-4000,3. + swap move,VM added,608,8,0.2,44.906760661400966,41.34142010204581,9.412119538430353,13.993614015552463,21.25,56.20955047684225,8.816385984420776
change|4. + starts from the running schedule|VM added|price0.2|seed608|K8|b20000-4000,4. + starts from the running schedule,VM added,608,8,0.2,50.81035280129483,41.34142010204581,23.892004120201772,26.03939298640675,10.0,56.20955047684225,8.907322645187378
change|5. + event-aware start|VM added|price0.2|seed608|K8|b20000-4000,5. + event-aware start,VM added,608,8,0.2,44.906760661400966,41.34142010204581,9.412119538430353,13.993614015552463,21.25,56.20955047684225,8.734964370727539
change|6. + no noise after small changes|VM added|price0.2|seed608|K8|b20000-4000,6. + no noise after small changes,VM added,608,8,0.2,44.906760661400966,41.34142010204581,9.412119538430353,13.993614015552463,21.25,56.20955047684225,8.968486785888672
change|1. restart after each change|VM added|price0.2|seed609|K8|b20000-4000,1. restart after each change,VM added,609,8,0.2,35.028549483963495,33.15052313639322,5.895408734263821,22.196516723124788,77.0,40.52731803722348,6.171681880950928
change|2. keeps its registers|VM added|price0.2|seed609|K8|b20000-4000,2. keeps its registers,VM added,609,8,0.2,38.113000354368815,33.15052313639322,15.538450006403314,16.058376905287826,2.375,40.52731803722348,6.033097267150879
change|3. + swap move|VM added|price0.2|seed609|K8|b20000-4000,3. + swap move,VM added,609,8,0.2,34.5972055350816,33.15052313639322,4.461958785479432,8.66845593163686,20.375,40.1699769745331,9.003262758255005
change|4. + starts from the running schedule|VM added|price0.2|seed609|K8|b20000-4000,4. + starts from the running schedule,VM added,609,8,0.2,39.60479532498395,33.15052313639322,20.158379423895862,21.006917151314134,3.5,40.1699769745331,8.703730583190918
change|5. + event-aware start|VM added|price0.2|seed609|K8|b20000-4000,5. + event-aware start,VM added,609,8,0.2,34.5972055350816,33.15052313639322,4.461958785479432,8.66845593163686,20.375,40.1699769745331,8.910067796707153
change|6. + no noise after small changes|VM added|price0.2|seed609|K8|b20000-4000,6. + no noise after small changes,VM added,609,8,0.2,34.5972055350816,33.15052313639322,4.461958785479432,8.66845593163686,20.375,40.1699769745331,8.91287612915039
change|1. restart after each change|VM added|price0.2|seed610|K8|b20000-4000,1. restart after each change,VM added,610,8,0.2,40.92909408815974,38.40441540532679,7.370285548886277,23.11347713389345,73.25,55.050461078992456,5.816281318664551
change|2. keeps its registers|VM added|price0.2|seed610|K8|b20000-4000,2. keeps its registers,VM added,610,8,0.2,44.22650201820051,38.40441540532679,16.479991796092747,18.149954494865,7.25,55.050461078992456,6.004696846008301
change|3. + swap move|VM added|price0.2|seed610|K8|b20000-4000,3. + swap move,VM added,610,8,0.2,39.91876812992519,38.40441540532679,4.528490830109144,9.837035198752734,25.625,54.18729616645222,8.722996473312378
change|4. + starts from the running schedule|VM added|price0.2|seed610|K8|b20000-4000,4. + starts from the running schedule,VM added,610,8,0.2,46.16192619028627,38.40441540532679,21.114404182280616,23.739405448753676,11.625,54.18729616645222,8.962075471878052
change|5. + event-aware start|VM added|price0.2|seed610|K8|b20000-4000,5. + event-aware start,VM added,610,8,0.2,39.91876812992519,38.40441540532679,4.528490830109144,9.837035198752734,25.625,54.18729616645222,8.706634521484375
change|6. + no noise after small changes|VM added|price0.2|seed610|K8|b20000-4000,6. + no noise after small changes,VM added,610,8,0.2,39.91876812992519,38.40441540532679,4.528490830109144,9.837035198752734,25.625,54.18729616645222,8.920448541641235
change|1. restart after each change|Mixed events|price0.2|seed601|K8|b20000-4000,1. restart after each change,Mixed events,601,8,0.2,132.9182979344375,127.35601013402567,4.17644541581474,18.006106907484988,60.875,84.11476048871965,5.819408416748047
change|2. keeps its registers|Mixed events|price0.2|seed601|K8|b20000-4000,2. keeps its registers,Mixed events,601,8,0.2,132.7550102766621,127.35601013402567,4.404668543237979,6.911691002303042,11.125,84.11476048871965,5.790088891983032
change|3. + swap move|Mixed events|price0.2|seed601|K8|b20000-4000,3. + swap move,Mixed events,601,8,0.2,128.58375367468804,127.35601013402567,0.9222746589949898,7.968237179531521,31.875,83.22338122843344,8.7095947265625
change|4. + starts from the running schedule|Mixed events|price0.2|seed601|K8|b20000-4000,4. + starts from the running schedule,Mixed events,601,8,0.2,129.11534703904107,127.35601013402567,1.5094037616942453,6.9699163413573615,24.625,83.22338122843344,8.593987703323364
change|6. + no noise after small changes|Mixed events|price0.2|seed601|K8|b20000-4000,6. + no noise after small changes,Mixed events,601,8,0.2,128.93731523015677,127.35601013402567,1.3382427118708122,4.489542685232825,15.25,83.22338122843344,7.751574516296387
change|5. + event-aware start|Mixed events|price0.2|seed601|K8|b20000-4000,5. + event-aware start,Mixed events,601,8,0.2,128.490692144989,127.35601013402567,0.8736307597107452,5.0428351040251345,20.375,83.22338122843344,8.851968765258789
change|1. restart after each change|Mixed events|price0.2|seed602|K8|b20000-4000,1. restart after each change,Mixed events,602,8,0.2,70.25661338630363,67.33634170286675,4.396949923385124,17.216544918469264,59.75,68.29604940016281,5.764150142669678
change|2. keeps its registers|Mixed events|price0.2|seed602|K8|b20000-4000,2. keeps its registers,Mixed events,602,8,0.2,70.86187257991094,67.33634170286675,5.623934270836127,7.314809001766323,7.75,68.29604940016281,5.934228181838989
change|3. + swap move|Mixed events|price0.2|seed602|K8|b20000-4000,3. + swap move,Mixed events,602,8,0.2,68.23629408885405,67.33634170286675,1.349610168061332,6.405163645588319,24.375,67.17240046296372,8.89457654953003
change|4. + starts from the running schedule|Mixed events|price0.2|seed602|K8|b20000-4000,4. + starts from the running schedule,Mixed events,602,8,0.2,69.7327268504663,67.33634170286675,3.773666480306771,6.342643766667242,12.625,67.17240046296372,9.109227418899536
change|6. + no noise after small changes|Mixed events|price0.2|seed602|K8|b20000-4000,6. + no noise after small changes,Mixed events,602,8,0.2,68.65541340439992,67.33634170286675,2.161969550988819,6.364205499844081,20.625,67.17240046296372,8.258800268173218
change|5. + event-aware start|Mixed events|price0.2|seed602|K8|b20000-4000,5. + event-aware start,Mixed events,602,8,0.2,68.38412188191249,67.33634170286675,1.553152161974558,6.685900145179671,25.125,67.17240046296372,9.187177181243896
change|1. restart after each change|Mixed events|price0.2|seed603|K8|b20000-4000,1. restart after each change,Mixed events,603,8,0.2,41.19650476451466,40.04625675952037,2.9518412875298807,17.199108062523532,65.875,42.03782772151984,6.159148931503296
change|2. keeps its registers|Mixed events|price0.2|seed603|K8|b20000-4000,2. keeps its registers,Mixed events,603,8,0.2,42.021638380945326,40.04625675952037,5.172293922841455,6.692925788007545,7.125,42.03782772151984,5.774956464767456
change|3. + swap move|Mixed events|price0.2|seed603|K8|b20000-4000,3. + swap move,Mixed events,603,8,0.2,40.78716591480557,40.04625675952037,1.9094862535599482,6.440765106271954,21.375,41.765569900655734,8.495413303375244
change|4. + starts from the running schedule|Mixed events|price0.2|seed603|K8|b20000-4000,4. + starts from the running schedule,Mixed events,603,8,0.2,41.502811419807344,40.04625675952037,3.77659947252331,6.336355114379861,12.5,41.765569900655734,9.010154724121094
change|6. + no noise after small changes|Mixed events|price0.2|seed603|K8|b20000-4000,6. + no noise after small changes,Mixed events,603,8,0.2,40.805605803885236,40.04625675952037,1.9865836436061113,4.917739737422183,14.125,41.765569900655734,8.192252159118652
change|5. + event-aware start|Mixed events|price0.2|seed603|K8|b20000-4000,5. + event-aware start,Mixed events,603,8,0.2,40.79117253540629,40.04625675952037,1.9076889604897735,5.116917696056823,15.5,41.765569900655734,8.53989839553833
change|1. restart after each change|Mixed events|price0.2|seed604|K8|b20000-4000,1. restart after each change,Mixed events,604,8,0.2,50.78888589926713,47.91963205995683,6.014328045423321,17.969971255930485,52.375,56.329846597447144,5.883006811141968
change|2. keeps its registers|Mixed events|price0.2|seed604|K8|b20000-4000,2. keeps its registers,Mixed events,604,8,0.2,50.01112226306187,47.91963205995683,4.399101315860028,7.094220949199968,12.5,56.329846597447144,5.952587842941284
change|3. + swap move|Mixed events|price0.2|seed604|K8|b20000-4000,3. + swap move,Mixed events,604,8,0.2,48.486809629497614,47.91963205995683,1.2221181759256998,7.31887184767937,28.0,55.30710830462359,9.002883434295654
change|4. + starts from the running schedule|Mixed events|price0.2|seed604|K8|b20000-4000,4. + starts from the running schedule,Mixed events,604,8,0.2,48.80801826488556,47.91963205995683,1.8919185024618763,5.834059984118339,18.625,55.30710830462359,9.160414457321167
change|5. + event-aware start|Mixed events|price0.2|seed604|K8|b20000-4000,5. + event-aware start,Mixed events,604,8,0.2,48.4175364501485,47.91963205995683,1.0576758544817455,4.850814022458022,18.5,55.30710830462359,9.245540618896484
change|6. + no noise after small changes|Mixed events|price0.2|seed604|K8|b20000-4000,6. + no noise after small changes,Mixed events,604,8,0.2,48.520504139717275,47.91963205995683,1.273875708286574,4.595366786421859,16.25,55.30710830462359,8.571653366088867
change|1. restart after each change|Mixed events|price0.2|seed605|K8|b20000-4000,1. restart after each change,Mixed events,605,8,0.2,37.7897113179151,37.079516897198815,1.929253287314659,16.35772375147946,68.25,44.8336258737818,5.942994832992554
change|2. keeps its registers|Mixed events|price0.2|seed605|K8|b20000-4000,2. keeps its registers,Mixed events,605,8,0.2,37.819446094478934,37.079516897198815,2.02460451052915,4.72015376098198,13.0,44.8336258737818,5.821971654891968
change|3. + swap move|Mixed events|price0.2|seed605|K8|b20000-4000,3. + swap move,Mixed events,605,8,0.2,37.30963787054137,37.079516897198815,0.6183992740513131,6.741557559869239,29.375,44.19609771750957,8.822956562042236
change|4. + starts from the running schedule|Mixed events|price0.2|seed605|K8|b20000-4000,4. + starts from the running schedule,Mixed events,605,8,0.2,38.169099564330836,37.079516897198815,3.058449746016697,7.787308922843783,22.75,44.19609771750957,8.830048561096191
change|6. + no noise after small changes|Mixed events|price0.2|seed605|K8|b20000-4000,6. + no noise after small changes,Mixed events,605,8,0.2,37.26005021515926,37.079516897198815,0.48063449091938043,5.214206832602651,23.5,44.19609771750957,7.7688820362091064
change|5. + event-aware start|Mixed events|price0.2|seed605|K8|b20000-4000,5. + event-aware start,Mixed events,605,8,0.2,37.34859354813552,37.079516897198815,0.714450458353904,5.352744166248315,23.0,44.19609771750957,8.815095901489258
change|1. restart after each change|Mixed events|price0.2|seed606|K8|b20000-4000,1. restart after each change,Mixed events,606,8,0.2,52.028198771484035,50.73391725951471,2.561850841173424,16.86714166220426,66.875,40.62877804165534,5.921553134918213
change|2. keeps its registers|Mixed events|price0.2|seed606|K8|b20000-4000,2. keeps its registers,Mixed events,606,8,0.2,52.37628916422369,50.73391725951471,3.2163340184240337,4.960738330031964,8.25,40.62877804165534,6.105742931365967
change|3. + swap move|Mixed events|price0.2|seed606|K8|b20000-4000,3. + swap move,Mixed events,606,8,0.2,51.16739853485152,50.73391725951471,0.8583497288989541,5.424677077144422,21.75,40.05417610400422,8.77320146560669
change|4. + starts from the running schedule|Mixed events|price0.2|seed606|K8|b20000-4000,4. + starts from the running schedule,Mixed events,606,8,0.2,51.727219391347674,50.73391725951471,1.965737978980511,4.283577588237851,11.375,40.05417610400422,8.6181001663208
change|5. + event-aware start|Mixed events|price0.2|seed606|K8|b20000-4000,5. + event-aware start,Mixed events,606,8,0.2,51.13690383968823,50.73391725951471,0.7904100095950162,4.177820577507988,16.75,40.05417610400422,8.509259939193726
change|6. + no noise after small changes|Mixed events|price0.2|seed606|K8|b20000-4000,6. + no noise after small changes,Mixed events,606,8,0.2,51.423459796163336,50.73391725951471,1.3204847831250082,4.416471801336981,15.25,40.05417610400422,8.184326410293579
change|1. restart after each change|Mixed events|price0.2|seed607|K8|b20000-4000,1. restart after each change,Mixed events,607,8,0.2,58.651390890208106,57.41220601743325,2.2205337011311084,16.95665924589897,64.75,50.702679388955985,5.6693596839904785
change|2. keeps its registers|Mixed events|price0.2|seed607|K8|b20000-4000,2. keeps its registers,Mixed events,607,8,0.2,59.10811388536776,57.41220601743325,3.056276432752565,5.60731354066991,11.375,50.702679388955985,5.589654445648193
change|3. + swap move|Mixed events|price0.2|seed607|K8|b20000-4000,3. + swap move,Mixed events,607,8,0.2,57.99547383161319,57.41220601743325,1.0155866107620535,6.004475476499422,22.375,49.894031890873144,8.480530500411987
change|4. + starts from the running schedule|Mixed events|price0.2|seed607|K8|b20000-4000,4. + starts from the running schedule,Mixed events,607,8,0.2,58.14859742570135,57.41220601743325,1.3183835190944804,4.052083809951642,12.75,49.894031890873144,8.655326843261719
change|6. + no noise after small changes|Mixed events|price0.2|seed607|K8|b20000-4000,6. + no noise after small changes,Mixed events,607,8,0.2,57.918208355158455,57.41220601743325,0.8873228031120575,4.277497199580936,16.375,49.894031890873144,7.85697603225708
change|5. + event-aware start|Mixed events|price0.2|seed607|K8|b20000-4000,5. + event-aware start,Mixed events,607,8,0.2,58.25002994817646,57.41220601743325,1.6005691272331386,4.34059352171745,13.5,49.894031890873144,8.70523738861084
change|1. restart after each change|Mixed events|price0.2|seed608|K8|b20000-4000,1. restart after each change,Mixed events,608,8,0.2,50.94172212917988,49.30945790024939,3.3193030572235127,18.044167290105182,69.875,57.08643266256377,5.78252911567688
change|2. keeps its registers|Mixed events|price0.2|seed608|K8|b20000-4000,2. keeps its registers,Mixed events,608,8,0.2,51.03384402479435,49.30945790024939,3.682120689299461,6.491155203513182,13.375,57.08643266256377,5.8073859214782715
change|3. + swap move|Mixed events|price0.2|seed608|K8|b20000-4000,3. + swap move,Mixed events,608,8,0.2,50.43908549412936,49.30945790024939,2.4962947439429493,7.9080088560666315,26.25,56.20955047684225,8.434003353118896
change|4. + starts from the running schedule|Mixed events|price0.2|seed608|K8|b20000-4000,4. + starts from the running schedule,Mixed events,608,8,0.2,51.728193630652626,49.30945790024939,5.23585834774737,9.445257396290838,20.625,56.20955047684225,8.57554030418396
change|6. + no noise after small changes|Mixed events|price0.2|seed608|K8|b20000-4000,6. + no noise after small changes,Mixed events,608,8,0.2,50.67318252901297,49.30945790024939,2.7286836678777857,7.173441685738904,21.625,56.20955047684225,7.782139778137207
change|5. + event-aware start|Mixed events|price0.2|seed608|K8|b20000-4000,5. + event-aware start,Mixed events,608,8,0.2,49.94146278410172,49.30945790024939,1.311349436102936,6.687028049312005,26.375,56.20955047684225,8.701040744781494
change|1. restart after each change|Mixed events|price0.2|seed609|K8|b20000-4000,1. restart after each change,Mixed events,609,8,0.2,36.74865656310227,35.780631315077045,2.823793025833584,15.604658433968133,60.5,40.52731803722348,5.573911905288696
change|2. keeps its registers|Mixed events|price0.2|seed609|K8|b20000-4000,2. keeps its registers,Mixed events,609,8,0.2,37.320958178254,35.780631315077045,4.5614470053934415,8.276959891419395,17.375,40.52731803722348,5.512243270874023
change|3. + swap move|Mixed events|price0.2|seed609|K8|b20000-4000,3. + swap move,Mixed events,609,8,0.2,36.13927502271538,35.780631315077045,1.0343638394978638,7.262315451728404,30.375,40.1699769745331,8.511541604995728
change|4. + starts from the running schedule|Mixed events|price0.2|seed609|K8|b20000-4000,4. + starts from the running schedule,Mixed events,609,8,0.2,36.05352827193755,35.780631315077045,0.7845463265304063,6.8208548474640365,29.875,40.1699769745331,8.32960057258606
change|6. + no noise after small changes|Mixed events|price0.2|seed609|K8|b20000-4000,6. + no noise after small changes,Mixed events,609,8,0.2,35.99240532989572,35.780631315077045,0.6195439010165458,5.794470187338863,25.625,40.1699769745331,7.463421583175659
change|5. + event-aware start|Mixed events|price0.2|seed609|K8|b20000-4000,5. + event-aware start,Mixed events,609,8,0.2,36.05519598104669,35.780631315077045,0.7858509754625278,6.974534368508574,30.625,40.1699769745331,8.6091148853302
change|2. keeps its registers|Mixed events|price0.2|seed610|K8|b20000-4000,2. keeps its registers,Mixed events,610,8,0.2,51.06570960961257,50.18080820782168,1.7371003654427648,3.8845926305593568,10.125,55.050461078992456,5.429980516433716
change|1. restart after each change|Mixed events|price0.2|seed610|K8|b20000-4000,1. restart after each change,Mixed events,610,8,0.2,51.25695631665907,50.18080820782168,2.0850559578958165,14.34878077047195,57.5,55.050461078992456,5.7218170166015625
change|3. + swap move|Mixed events|price0.2|seed610|K8|b20000-4000,3. + swap move,Mixed events,610,8,0.2,50.52128895818651,50.18080820782168,0.685572010689371,5.653899173035315,23.5,54.18729616645222,8.389525890350342
change|4. + starts from the running schedule|Mixed events|price0.2|seed610|K8|b20000-4000,4. + starts from the running schedule,Mixed events,610,8,0.2,50.76330581095351,50.18080820782168,1.1711952174995892,4.663162557532682,16.375,54.18729616645222,8.562091827392578
change|6. + no noise after small changes|Mixed events|price0.2|seed610|K8|b20000-4000,6. + no noise after small changes,Mixed events,610,8,0.2,50.555659805982756,50.18080820782168,0.72930867794544,3.7312510132823857,14.75,54.18729616645222,7.217931509017944
change|5. + event-aware start|Mixed events|price0.2|seed610|K8|b20000-4000,5. + event-aware start,Mixed events,610,8,0.2,50.685380354079165,50.18080820782168,0.9784170734073413,4.787228167457114,18.75,54.18729616645222,8.591227054595947
"change|1. restart after each change|Mixed, 200 tasks, 20 VMs, heavy-tailed|price0.2|seed601|K8|b20000-4000",1. restart after each change,"Mixed, 200 tasks, 20 VMs, heavy-tailed",601,8,0.2,68.51947686965165,54.26020541156469,26.365666235006735,45.94489896151098,141.25,57.59065560824964,9.594178199768066
"change|2. keeps its registers|Mixed, 200 tasks, 20 VMs, heavy-tailed|price0.2|seed601|K8|b20000-4000",2. keeps its registers,"Mixed, 200 tasks, 20 VMs, heavy-tailed",601,8,0.2,63.66290453024369,54.26020541156469,17.794061989518394,19.898852361562756,16.25,57.59065560824964,9.596510410308838
"change|3. + swap move|Mixed, 200 tasks, 20 VMs, heavy-tailed|price0.2|seed601|K8|b20000-4000",3. + swap move,"Mixed, 200 tasks, 20 VMs, heavy-tailed",601,8,0.2,56.329800186550074,54.26020541156469,3.9547820925863078,10.59307482319175,58.375,54.25808795381544,13.030475854873657
"change|4. + starts from the running schedule|Mixed, 200 tasks, 20 VMs, heavy-tailed|price0.2|seed601|K8|b20000-4000",4. + starts from the running schedule,"Mixed, 200 tasks, 20 VMs, heavy-tailed",601,8,0.2,57.29830003986934,54.26020541156469,5.919012125685373,11.244037889603034,45.375,54.25808795381544,12.723299741744995
"change|6. + no noise after small changes|Mixed, 200 tasks, 20 VMs, heavy-tailed|price0.2|seed601|K8|b20000-4000",6. + no noise after small changes,"Mixed, 200 tasks, 20 VMs, heavy-tailed",601,8,0.2,55.85015892090311,54.26020541156469,3.0585692341663053,6.683225889741652,32.875,54.25808795381544,11.047783613204956
"change|5. + event-aware start|Mixed, 200 tasks, 20 VMs, heavy-tailed|price0.2|seed601|K8|b20000-4000",5. + event-aware start,"Mixed, 200 tasks, 20 VMs, heavy-tailed",601,8,0.2,55.10148913538648,54.26020541156469,1.5590664056043144,6.130807435689102,42.75,54.25808795381544,12.845641136169434
"change|1. restart after each change|Mixed, 200 tasks, 20 VMs, heavy-tailed|price0.2|seed602|K8|b20000-4000",1. restart after each change,"Mixed, 200 tasks, 20 VMs, heavy-tailed",602,8,0.2,54.04917141462168,39.571655810699575,36.52776326119582,57.325450222559525,147.125,39.03041358475842,9.904841661453247
"change|2. keeps its registers|Mixed, 200 tasks, 20 VMs, heavy-tailed|price0.2|seed602|K8|b20000-4000",2. keeps its registers,"Mixed, 200 tasks, 20 VMs, heavy-tailed",602,8,0.2,47.759354813542124,39.571655810699575,20.658165787817655,22.484956370495077,14.75,39.03041358475842,9.722698211669922
"change|3. + swap move|Mixed, 200 tasks, 20 VMs, heavy-tailed|price0.2|seed602|K8|b20000-4000",3. + swap move,"Mixed, 200 tasks, 20 VMs, heavy-tailed",602,8,0.2,40.880407002717696,39.571655810699575,3.3369208273178947,8.362905294443813,46.75,38.11237152094174,13.159965515136719
"change|4. + starts from the running schedule|Mixed, 200 tasks, 20 VMs, heavy-tailed|price0.2|seed602|K8|b20000-4000",4. + starts from the running schedule,"Mixed, 200 tasks, 20 VMs, heavy-tailed",602,8,0.2,41.13336335855315,39.571655810699575,3.9838908179968713,8.278200106337948,40.125,38.11237152094174,13.214883804321289
"change|6. + no noise after small changes|Mixed, 200 tasks, 20 VMs, heavy-tailed|price0.2|seed602|K8|b20000-4000",6. + no noise after small changes,"Mixed, 200 tasks, 20 VMs, heavy-tailed",602,8,0.2,40.49200926833244,39.571655810699575,2.3604225094609776,5.631896125210183,31.875,38.11237152094174,11.312578916549683
"change|5. + event-aware start|Mixed, 200 tasks, 20 VMs, heavy-tailed|price0.2|seed602|K8|b20000-4000",5. + event-aware start,"Mixed, 200 tasks, 20 VMs, heavy-tailed",602,8,0.2,40.80250113991763,39.571655810699575,3.14151587549028,7.505115454481404,41.375,38.11237152094174,13.203266143798828
"change|1. restart after each change|Mixed, 200 tasks, 20 VMs, heavy-tailed|price0.2|seed603|K8|b20000-4000",1. restart after each change,"Mixed, 200 tasks, 20 VMs, heavy-tailed",603,8,0.2,56.32751021274535,43.66883934585274,28.714206299423633,48.09237879313799,144.25,55.407898267452964,9.845654487609863
"change|2. keeps its registers|Mixed, 200 tasks, 20 VMs, heavy-tailed|price0.2|seed603|K8|b20000-4000",2. keeps its registers,"Mixed, 200 tasks, 20 VMs, heavy-tailed",603,8,0.2,52.213491644482986,43.66883934585274,19.899646123369266,21.59159358310061,13.25,55.407898267452964,9.758091926574707
"change|3. + swap move|Mixed, 200 tasks, 20 VMs, heavy-tailed|price0.2|seed603|K8|b20000-4000",3. + swap move,"Mixed, 200 tasks, 20 VMs, heavy-tailed",603,8,0.2,46.05129491879208,43.66883934585274,5.640814543602333,11.147621366152954,49.625,47.94322891918771,13.03426718711853
"change|4. + starts from the running schedule|Mixed, 200 tasks, 20 VMs, heavy-tailed|price0.2|seed603|K8|b20000-4000",4. + starts from the running schedule,"Mixed, 200 tasks, 20 VMs, heavy-tailed",603,8,0.2,46.470647651031086,43.66883934585274,6.694922278779964,9.6287306289425,25.5,47.94322891918771,13.373670101165771
"change|6. + no noise after small changes|Mixed, 200 tasks, 20 VMs, heavy-tailed|price0.2|seed603|K8|b20000-4000",6. + no noise after small changes,"Mixed, 200 tasks, 20 VMs, heavy-tailed",603,8,0.2,47.27364469713056,43.66883934585274,8.628704870650786,11.405224890092795,24.875,47.94322891918771,11.43248200416565
"change|5. + event-aware start|Mixed, 200 tasks, 20 VMs, heavy-tailed|price0.2|seed603|K8|b20000-4000",5. + event-aware start,"Mixed, 200 tasks, 20 VMs, heavy-tailed",603,8,0.2,46.14563124995237,43.66883934585274,5.948251488447361,9.258382710222946,30.25,47.94322891918771,13.122066736221313
"change|1. restart after each change|Mixed, 200 tasks, 20 VMs, heavy-tailed|price0.2|seed604|K8|b20000-4000",1. restart after each change,"Mixed, 200 tasks, 20 VMs, heavy-tailed",604,8,0.2,51.09334600706667,37.745541021231695,38.21065848259712,59.6668751778767,149.875,51.51926489005104,9.884152173995972
"change|2. keeps its registers|Mixed, 200 tasks, 20 VMs, heavy-tailed|price0.2|seed604|K8|b20000-4000",2. keeps its registers,"Mixed, 200 tasks, 20 VMs, heavy-tailed",604,8,0.2,49.658365188059676,37.745541021231695,33.96138154669229,35.86228846964053,13.125,51.51926489005104,9.7764573097229
"change|3. + swap move|Mixed, 200 tasks, 20 VMs, heavy-tailed|price0.2|seed604|K8|b20000-4000",3. + swap move,"Mixed, 200 tasks, 20 VMs, heavy-tailed",604,8,0.2,40.34641498636691,37.745541021231695,7.022360228284621,12.2712232842143,47.375,48.534594666820915,12.740854263305664
"change|4. + starts from the running schedule|Mixed, 200 tasks, 20 VMs, heavy-tailed|price0.2|seed604|K8|b20000-4000",4. + starts from the running schedule,"Mixed, 200 tasks, 20 VMs, heavy-tailed",604,8,0.2,42.09103372247238,37.745541021231695,12.100038679342214,16.87126492059274,40.875,48.534594666820915,12.882131576538086
"change|6. + no noise after small changes|Mixed, 200 tasks, 20 VMs, heavy-tailed|price0.2|seed604|K8|b20000-4000",6. + no noise after small changes,"Mixed, 200 tasks, 20 VMs, heavy-tailed",604,8,0.2,39.54680790524749,37.745541021231695,4.662449411161475,8.024129433820523,32.25,48.534594666820915,11.40399956703186
"change|5. + event-aware start|Mixed, 200 tasks, 20 VMs, heavy-tailed|price0.2|seed604|K8|b20000-4000",5. + event-aware start,"Mixed, 200 tasks, 20 VMs, heavy-tailed",604,8,0.2,39.79872044949962,37.745541021231695,5.3915565305434665,9.808845035171297,41.875,48.534594666820915,13.302820444107056
"change|1. restart after each change|Mixed, 200 tasks, 20 VMs, heavy-tailed|price0.2|seed605|K8|b20000-4000",1. restart after each change,"Mixed, 200 tasks, 20 VMs, heavy-tailed",605,8,0.2,63.987677017220854,50.817608377312794,25.991118753704512,44.69218834160221,138.375,63.80434313803187,9.539692878723145
"change|2. keeps its registers|Mixed, 200 tasks, 20 VMs, heavy-tailed|price0.2|seed605|K8|b20000-4000",2. keeps its registers,"Mixed, 200 tasks, 20 VMs, heavy-tailed",605,8,0.2,66.83213713540864,50.817608377312794,31.638620095134574,33.09915128589601,10.875,63.80434313803187,9.2604398727417
"change|3. + swap move|Mixed, 200 tasks, 20 VMs, heavy-tailed|price0.2|seed605|K8|b20000-4000",3. + swap move,"Mixed, 200 tasks, 20 VMs, heavy-tailed",605,8,0.2,52.271847911107464,50.817608377312794,2.9743830500063817,8.821267903857441,52.375,52.38845161782461,13.106980562210083
"change|4. + starts from the running schedule|Mixed, 200 tasks, 20 VMs, heavy-tailed|price0.2|seed605|K8|b20000-4000",4. + starts from the running schedule,"Mixed, 200 tasks, 20 VMs, heavy-tailed",605,8,0.2,54.08371314939629,50.817608377312794,6.59815426139097,10.206964534550323,32.125,52.38845161782461,12.962628841400146
"change|6. + no noise after small changes|Mixed, 200 tasks, 20 VMs, heavy-tailed|price0.2|seed605|K8|b20000-4000",6. + no noise after small changes,"Mixed, 200 tasks, 20 VMs, heavy-tailed",605,8,0.2,52.73002248540679,50.817608377312794,3.937377108546535,6.63279554833422,24.875,52.38845161782461,11.20070767402649
"change|5. + event-aware start|Mixed, 200 tasks, 20 VMs, heavy-tailed|price0.2|seed605|K8|b20000-4000",5. + event-aware start,"Mixed, 200 tasks, 20 VMs, heavy-tailed",605,8,0.2,52.059605159046015,50.817608377312794,2.5064796878414874,6.24158921829374,35.125,52.38845161782461,12.756448745727539
"change|1. restart after each change|Mixed, 200 tasks, 20 VMs, heavy-tailed|price0.2|seed606|K8|b20000-4000",1. restart after each change,"Mixed, 200 tasks, 20 VMs, heavy-tailed",606,8,0.2,50.96650942078402,45.097375569990135,12.778677150183574,30.417609841602633,147.5,39.295732324841254,10.107438802719116
"change|2. keeps its registers|Mixed, 200 tasks, 20 VMs, heavy-tailed|price0.2|seed606|K8|b20000-4000",2. keeps its registers,"Mixed, 200 tasks, 20 VMs, heavy-tailed",606,8,0.2,49.851231072497654,45.097375569990135,10.312065913272308,11.896351080328838,13.125,39.295732324841254,10.113844394683838
"change|3. + swap move|Mixed, 200 tasks, 20 VMs, heavy-tailed|price0.2|seed606|K8|b20000-4000",3. + swap move,"Mixed, 200 tasks, 20 VMs, heavy-tailed",606,8,0.2,46.61659608243657,45.097375569990135,3.366998151225923,7.9636570085053595,40.875,38.00903433389871,12.614042043685913
"change|4. + starts from the running schedule|Mixed, 200 tasks, 20 VMs, heavy-tailed|price0.2|seed606|K8|b20000-4000",4. + starts from the running schedule,"Mixed, 200 tasks, 20 VMs, heavy-tailed",606,8,0.2,48.5145465130083,45.097375569990135,7.489552680610174,10.608234286075104,26.0,38.00903433389871,12.730010271072388
"change|6. + no noise after small changes|Mixed, 200 tasks, 20 VMs, heavy-tailed|price0.2|seed606|K8|b20000-4000",6. + no noise after small changes,"Mixed, 200 tasks, 20 VMs, heavy-tailed",606,8,0.2,48.13884147182793,45.097375569990135,6.505182734961738,8.800576253566561,21.25,38.00903433389871,11.352381706237793
"change|5. + event-aware start|Mixed, 200 tasks, 20 VMs, heavy-tailed|price0.2|seed606|K8|b20000-4000",5. + event-aware start,"Mixed, 200 tasks, 20 VMs, heavy-tailed",606,8,0.2,47.15031658635492,45.097375569990135,4.436531461541415,7.570261608963868,27.5,38.00903433389871,12.837268114089966
"change|1. restart after each change|Mixed, 200 tasks, 20 VMs, heavy-tailed|price0.2|seed607|K8|b20000-4000",1. restart after each change,"Mixed, 200 tasks, 20 VMs, heavy-tailed",607,8,0.2,53.15487984097129,44.623902084369995,19.222971040631965,37.41687896394177,147.375,50.51718108769001,9.584043502807617
"change|2. keeps its registers|Mixed, 200 tasks, 20 VMs, heavy-tailed|price0.2|seed607|K8|b20000-4000",2. keeps its registers,"Mixed, 200 tasks, 20 VMs, heavy-tailed",607,8,0.2,50.41082418574213,44.623902084369995,13.289589939517892,14.946787428764424,13.875,50.51718108769001,9.473521947860718
"change|3. + swap move|Mixed, 200 tasks, 20 VMs, heavy-tailed|price0.2|seed607|K8|b20000-4000",3. + swap move,"Mixed, 200 tasks, 20 VMs, heavy-tailed",607,8,0.2,46.01992810306067,44.623902084369995,3.137179866305077,7.658422930068973,41.875,49.56502004984096,12.830049991607666
"change|4. + starts from the running schedule|Mixed, 200 tasks, 20 VMs, heavy-tailed|price0.2|seed607|K8|b20000-4000",4. + starts from the running schedule,"Mixed, 200 tasks, 20 VMs, heavy-tailed",607,8,0.2,47.709360991854254,44.623902084369995,7.240781977210191,10.170319045619692,26.125,49.56502004984096,12.571012496948242
"change|6. + no noise after small changes|Mixed, 200 tasks, 20 VMs, heavy-tailed|price0.2|seed607|K8|b20000-4000",6. + no noise after small changes,"Mixed, 200 tasks, 20 VMs, heavy-tailed",607,8,0.2,46.76425325677505,44.623902084369995,5.076780264145313,7.379242265562905,21.5,49.56502004984096,11.771405220031738
"change|5. + event-aware start|Mixed, 200 tasks, 20 VMs, heavy-tailed|price0.2|seed607|K8|b20000-4000",5. + event-aware start,"Mixed, 200 tasks, 20 VMs, heavy-tailed",607,8,0.2,46.12152804831855,44.623902084369995,3.4534466399358927,7.0952513944549445,34.5,49.56502004984096,12.869580268859863
"change|1. restart after each change|Mixed, 200 tasks, 20 VMs, heavy-tailed|price0.2|seed608|K8|b20000-4000",1. restart after each change,"Mixed, 200 tasks, 20 VMs, heavy-tailed",608,8,0.2,48.84255674437079,32.723220841634614,50.05948116529826,72.87591222590297,145.625,42.547792679437926,9.453463554382324
"change|2. keeps its registers|Mixed, 200 tasks, 20 VMs, heavy-tailed|price0.2|seed608|K8|b20000-4000",2. keeps its registers,"Mixed, 200 tasks, 20 VMs, heavy-tailed",608,8,0.2,38.213756446236566,32.723220841634614,16.94589618448296,19.767125559864162,22.75,42.547792679437926,9.72374939918518
"change|4. + starts from the running schedule|Mixed, 200 tasks, 20 VMs, heavy-tailed|price0.2|seed608|K8|b20000-4000",4. + starts from the running schedule,"Mixed, 200 tasks, 20 VMs, heavy-tailed",608,8,0.2,33.64045731702018,32.723220841634614,2.8112399609088596,8.722029425885944,55.0,39.13849564252167,12.648696899414062
"change|3. + swap move|Mixed, 200 tasks, 20 VMs, heavy-tailed|price0.2|seed608|K8|b20000-4000",3. + swap move,"Mixed, 200 tasks, 20 VMs, heavy-tailed",608,8,0.2,33.36593715861629,32.723220841634614,1.9844099579720422,8.863446014486675,64.5,39.13849564252167,13.019885778427124
"change|6. + no noise after small changes|Mixed, 200 tasks, 20 VMs, heavy-tailed|price0.2|seed608|K8|b20000-4000",6. + no noise after small changes,"Mixed, 200 tasks, 20 VMs, heavy-tailed",608,8,0.2,33.55014678328564,32.723220841634614,2.5791054825507693,7.373653671611091,45.125,39.13849564252167,10.722782373428345
"change|5. + event-aware start|Mixed, 200 tasks, 20 VMs, heavy-tailed|price0.2|seed608|K8|b20000-4000",5. + event-aware start,"Mixed, 200 tasks, 20 VMs, heavy-tailed",608,8,0.2,33.617948912099216,32.723220841634614,2.752921410397954,7.702458885809427,47.375,39.13849564252167,12.825736045837402
"change|1. restart after each change|Mixed, 200 tasks, 20 VMs, heavy-tailed|price0.2|seed609|K8|b20000-4000",1. restart after each change,"Mixed, 200 tasks, 20 VMs, heavy-tailed",609,8,0.2,61.36218954350056,39.48739131628638,56.00530409218313,79.77311253907718,146.625,49.713261031419464,9.731999635696411
"change|2. keeps its registers|Mixed, 200 tasks, 20 VMs, heavy-tailed|price0.2|seed609|K8|b20000-4000",2. keeps its registers,"Mixed, 200 tasks, 20 VMs, heavy-tailed",609,8,0.2,46.408375873386234,39.48739131628638,17.524662047299582,20.290011840932188,22.25,49.713261031419464,9.709467649459839
"change|3. + swap move|Mixed, 200 tasks, 20 VMs, heavy-tailed|price0.2|seed609|K8|b20000-4000",3. + swap move,"Mixed, 200 tasks, 20 VMs, heavy-tailed",609,8,0.2,40.49441756808074,39.48739131628638,2.5440711727451575,10.066338409099146,70.25,48.00345560167722,12.933834075927734
"change|4. + starts from the running schedule|Mixed, 200 tasks, 20 VMs, heavy-tailed|price0.2|seed609|K8|b20000-4000",4. + starts from the running schedule,"Mixed, 200 tasks, 20 VMs, heavy-tailed",609,8,0.2,40.728724456816906,39.48739131628638,3.1195110512200923,8.956563967856413,54.5,48.00345560167722,12.86939001083374
"change|6. + no noise after small changes|Mixed, 200 tasks, 20 VMs, heavy-tailed|price0.2|seed609|K8|b20000-4000",6. + no noise after small changes,"Mixed, 200 tasks, 20 VMs, heavy-tailed",609,8,0.2,40.480756429193505,39.48739131628638,2.4778160747292812,7.53133486331886,48.5,48.00345560167722,11.442976236343384
"change|5. + event-aware start|Mixed, 200 tasks, 20 VMs, heavy-tailed|price0.2|seed609|K8|b20000-4000",5. + event-aware start,"Mixed, 200 tasks, 20 VMs, heavy-tailed",609,8,0.2,40.734734009057405,39.48739131628638,3.1760877827978,9.146782001881412,56.75,48.00345560167722,13.191956281661987
"change|1. restart after each change|Mixed, 200 tasks, 20 VMs, heavy-tailed|price0.2|seed610|K8|b20000-4000",1. restart after each change,"Mixed, 200 tasks, 20 VMs, heavy-tailed",610,8,0.2,51.476163130410434,42.56358052010528,20.96240028883779,39.8720288061238,148.375,43.06013649719061,9.773201704025269
"change|2. keeps its registers|Mixed, 200 tasks, 20 VMs, heavy-tailed|price0.2|seed610|K8|b20000-4000",2. keeps its registers,"Mixed, 200 tasks, 20 VMs, heavy-tailed",610,8,0.2,48.38179875156722,42.56358052010528,13.764245770560454,15.557653967075941,14.875,43.06013649719061,9.87467098236084
"change|3. + swap move|Mixed, 200 tasks, 20 VMs, heavy-tailed|price0.2|seed610|K8|b20000-4000",3. + swap move,"Mixed, 200 tasks, 20 VMs, heavy-tailed",610,8,0.2,43.82370342779173,42.56358052010528,2.9564476066650007,9.321338715853061,57.625,42.5470258139249,12.52980351448059
"change|4. + starts from the running schedule|Mixed, 200 tasks, 20 VMs, heavy-tailed|price0.2|seed610|K8|b20000-4000",4. + starts from the running schedule,"Mixed, 200 tasks, 20 VMs, heavy-tailed",610,8,0.2,44.67765506592906,42.56358052010528,5.047913334121562,10.419495661013285,46.875,42.5470258139249,13.142311811447144
"change|6. + no noise after small changes|Mixed, 200 tasks, 20 VMs, heavy-tailed|price0.2|seed610|K8|b20000-4000",6. + no noise after small changes,"Mixed, 200 tasks, 20 VMs, heavy-tailed",610,8,0.2,43.96185308259054,42.56358052010528,3.365819024104219,7.0276408970616435,34.5,42.5470258139249,11.500751495361328
"change|5. + event-aware start|Mixed, 200 tasks, 20 VMs, heavy-tailed|price0.2|seed610|K8|b20000-4000",5. + event-aware start,"Mixed, 200 tasks, 20 VMs, heavy-tailed",610,8,0.2,43.98442494682247,42.56358052010528,3.4202462995222143,6.768756576148191,31.875,42.5470258139249,12.79825210571289
